Artwork,Artist,Contemporary Art,Artwork date,Censorship year,Social,Kind of censorship,Link,Date of publication,Typology,Google Rank,,,,,,,,,,,,,,,,,,,,,,
The Origin of the World,Gustave Courbet,No,1886,2011,Facebook,Deleted account,https://www.sartle.com/blog/post/f-censorship-social-medias-hold-on-nudity-in-art,24 may 2018,Fine Art Public Benefit Corporation,1,,,,,,,,,,,,,,,,,,,,,,
Ema (nude on a staircase),Gerhard Richter,Yes,1966,2012,Facebook,Removed post,https://www.sartle.com/blog/post/f-censorship-social-medias-hold-on-nudity-in-art,24 may 2018,Fine Art Public Benefit Corporation,1,,,,,,,,,,,,,,,,,,,,,,
Amor Vincit Omnia,Caravaggio,No,1602-1603,2016,Facebook,Suspended account,https://www.sartle.com/blog/post/f-censorship-social-medias-hold-on-nudity-in-art,24 may 2018,Fine Art Public Benefit Corporation,1,,,,,,,,,,,,,,,,,,,,,,
Ice Cream,Evelyne Axell,Yes,1964,2016,Facebook,Removed post,https://www.sartle.com/blog/post/f-censorship-social-medias-hold-on-nudity-in-art,24 may 2018,Fine Art Public Benefit Corporation,1,,,,,,,,,,,,,,,,,,,,,,
The Little Mermaid,Edvard Eriksen,No,1913,2016,Facebook,Removed post,https://www.sartle.com/blog/post/f-censorship-social-medias-hold-on-nudity-in-art,24 may 2018,Fine Art Public Benefit Corporation,1,,,,,,,,,,,,,,,,,,,,,,
Imogen and Twinka,Judy Dater,Yes,1974,2017,Instagram,Removed post,https://www.sartle.com/blog/post/f-censorship-social-medias-hold-on-nudity-in-art,24 may 2018,Fine Art Public Benefit Corporation,1,,,,,,,,,,,,,,,,,,,,,,
Triangles,Imogen Cunningham,No,1928,2017,Instagram,Removed post,https://www.sartle.com/blog/post/f-censorship-social-medias-hold-on-nudity-in-art,24 may 2018,Fine Art Public Benefit Corporation,1,,,,,,,,,,,,,,,,,,,,,,
Sunbath (Alta on the Beach),Imogen Cunningham,No,1925,2017,Instagram,Removed post,https://www.sartle.com/blog/post/f-censorship-social-medias-hold-on-nudity-in-art,24 may 2018,Fine Art Public Benefit Corporation,1,,,,,,,,,,,,,,,,,,,,,,
Venus of Willendorf,Unknown,No,23.000-19.000 a. C.,2018,Facebook,Removed post,https://www.sartle.com/blog/post/f-censorship-social-medias-hold-on-nudity-in-art,24 may 2018,Fine Art Public Benefit Corporation,1,,,,,,,,,,,,,,,,,,,,,,
Nudity Related Artwork,Anders Zorn,No,Unknown,Unknown,Facebook,Removed post,https://www.sartle.com/blog/post/f-censorship-social-medias-hold-on-nudity-in-art,24 may 2018,Fine Art Public Benefit Corporation,1,,,,,,,,,,,,,,,,,,,,,,
The Origin of the World,Gustave Courbet,No,1886,2011,Facebook,Deleted account,https://www.theartnewspaper.com/news/artists-take-stand-against-social-media-censorship,28 may 2019,Art Newspaper,3,,,,,,,,,,,,,,,,,,,,,,
Venus of Willendorf,Unknown,No,23.000-19.000 a. C.,2018,Facebook,Removed post,https://www.theartnewspaper.com/news/artists-take-stand-against-social-media-censorship,28 may 2019,Art Newspaper,3,,,,,,,,,,,,,,,,,,,,,,
Fuck Painting #1,Betty Tompkins,Yes ,1969,2019,Instagram,Suspended account,https://www.theartnewspaper.com/news/artists-take-stand-against-social-media-censorship,28 may 2019,Art Newspaper,3,,,,,,,,,,,,,,,,,,,,,,
Mammography,Alix Marie,Yes,2016,Unknown,Instagram,Removed post,https://www.theartnewspaper.com/news/artists-take-stand-against-social-media-censorship,28 may 2019,Art Newspaper,3,,,,,,,,,,,,,,,,,,,,,,
Unknown,Kit King,Yes,Unknown,Unknown,"Facebook, Instagram",Removed post,https://www.theartnewspaper.com/news/artists-take-stand-against-social-media-censorship,28 may 2019,Art Newspaper,3,,,,,,,,,,,,,,,,,,,,,,
Nudity Related Artwork,Alphachanneling,Yes,Unknown,Unknown,"Facebook, Instagram","Removed post, Suspended account",https://itsartlaw.org/2019/07/19/from-the-origin-of-the-world-to-sendnudes-social-media-and-censorship-of-art/,19 jul 2019,Art Nonprofit Corporation,4,,,,,,,,,,,,,,,,,,,,,,
The Origin of the World,Gustave Courbet,No,1886,2011,Facebook,Deleted account,https://itsartlaw.org/2019/07/19/from-the-origin-of-the-world-to-sendnudes-social-media-and-censorship-of-art/,19 jul 2019,Art Nonprofit Corporation,4,,,,,,,,,,,,,,,,,,,,,,
Venus of Willendorf,Unknown,No,23.000-19.000 a. C.,2018,Facebook,Removed post,https://itsartlaw.org/2019/07/19/from-the-origin-of-the-world-to-sendnudes-social-media-and-censorship-of-art/,19 jul 2019,Art Nonprofit Corporation,4,,,,,,,,,,,,,,,,,,,,,,
Fuck Painting #1,Betty Tompkins,Yes,1969,2019,Instagram,Suspended account,https://itsartlaw.org/2019/07/19/from-the-origin-of-the-world-to-sendnudes-social-media-and-censorship-of-art/,19 jul 2019,Art Nonprofit Corporation,4,,,,,,,,,,,,,,,,,,,,,,
Unknown,Kit King,Yes,Unknown,Unknown,"Facebook, Instagram",Removed post,https://itsartlaw.org/2019/07/19/from-the-origin-of-the-world-to-sendnudes-social-media-and-censorship-of-art/,19 jul 2019,Art Nonprofit Corporation,4,,,,,,,,,,,,,,,,,,,,,,
The Origin of the World,Gustave Courbet,No,1886,2011,Facebook,Deleted account,https://www.artsy.net/article/artsy-editorial-art-censorship-age-social-media,13 jul 2017,Art Platform,5,,,,,,,,,,,,,,,,,,,,,,
The Little Mermaid,Edvard Eriksen,No,1913,2016,Facebook,Removed post,https://www.artsy.net/article/artsy-editorial-art-censorship-age-social-media,13 jul 2017,Art Platform,5,,,,,,,,,,,,,,,,,,,,,,
Women as object,Kate Durbin,Yes,2011-2013,2013,Facebook,Removed post,https://hyperallergic.com/454589/facebook-censors-montreal-museum-of-fine-arts-ad-featuring-nude-picasso-painting/,7 aug 2018,Art magazine,6,,,,,,,,,,,,,,,,,,,,,,
The Little Mermaid,Edvard Eriksen,No,1913,2016,Facebook,Removed post,https://hyperallergic.com/454589/facebook-censors-montreal-museum-of-fine-arts-ad-featuring-nude-picasso-painting/,7 aug 2018,Art magazine,6,,,,,,,,,,,,,,,,,,,,,,
Femmes à la toilette,Pablo Picasso,No,1956,2018,Facebook,Blocked Advertising,https://hyperallergic.com/454589/facebook-censors-montreal-museum-of-fine-arts-ad-featuring-nude-picasso-painting/,7 aug 2018,Art magazine,6,,,,,,,,,,,,,,,,,,,,,,
Breast Cancer Awareness Body Painting Project,Michael Colanero,Yes,Unknown,2011,Facebook,Removed post,http://www.narrabase.net/joy_garnett2018.html,1 Nov 2018,Art Newspaper,7,,,,,,,,,,,,,,,,,,,,,,
The Origin of the World,Gustave Courbet,No,1886,2011,Facebook,Deleted account,http://www.narrabase.net/joy_garnett2018.html,1 Nov 2018,Art Newspaper,7,,,,,,,,,,,,,,,,,,,,,,
Venus of Willendorf,Unknown,No,23.000-19.000 a. C.,2018,Facebook,Removed post,http://www.narrabase.net/joy_garnett2018.html,1 Nov 2018,Art Newspaper,7,,,,,,,,,,,,,,,,,,,,,,
The Origin of the World,Gustave Courbet,No,1886,2011,Facebook,Deleted account,http://ackermansfineart.com/censorship-art-social-media/,20 may 2016,Fine Art Gallery,8,,,,,,,,,,,,,,,,,,,,,,
Ice Cream,Evelyne Axell,Yes,1964,2016,Facebook,Removed post,http://ackermansfineart.com/censorship-art-social-media/,20 may 2016,Fine Art Gallery,8,,,,,,,,,,,,,,,,,,,,,,
The Origin of the World,Gustave Courbet,No,1886,2011,Facebook,Deleted account,https://frieze.com/tags/censorship,8 aug 2018,Media Company,10,,,,,,,,,,,,,,,,,,,,,,
100 Muses - Caoimhe Lavelle Photography,Dragana Jurisic,Yes,2015,2018,Instagram,Suspended account,https://frieze.com/tags/censorship,15 may 2018,Media Company,10,,,,,,,,,,,,,,,,,,,,,,
Femmes à la toilette,Pablo Picasso,No,1956,2018,Facebook,Blocked Advertising,https://frieze.com/tags/censorship,8 aug 2018,Media Company,10,,"Page with articles tagged ""censorship"" on that website (I opened those with a social network mentioned in the title)",,,,,,,,,,,,,,,,,,,,
The Descent from the Cross,Peter Paul Rubens,No,1612-14,2018,Facebook,Blocked Advertising,https://frieze.com/tags/censorship,24 jul 2018,Media Company,10,,,,,,,,,,,,,,,,,,,,,,
Venus of Willendorf,Unknown,No,23.000-19.000 a. C.,2018,Facebook,Removed post,https://frieze.com/tags/censorship,8 aug 2018,Media Company,10,,,,,,,,,,,,,,,,,,,,,,
The napalm girl ,Nick Ut,Yes,1972,2016,Facebook,Removed post,https://alj.artrepreneur.com/facebook-censorship/,15 oct 2018,Art Newspaper,23,,,,,,,,,,,,,,,,,,,,,,
Nudity Related Artwork,Spencer Tunick,Yes,2003,2014,Facebook,Suspended account,https://whitehotmagazine.com/articles/s-social-media-censorship-blues/4104,Nov 2019,Art magazine,28,,,,,,,,,,,,,,,,,,,,,,
Several nude paintings,Reuben Negron,Yes,Unknown,2013,Facebook,Removed post,https://www.artistsagainstcensorship.com,Unknown,Artist platform,30,,,,,,,,,,,,,,,,,,,,,,
Charlotte ,Shona McAndrew,Yes,2016,2017,Instagram,Suspended account,https://www.artistsagainstcensorship.com,Unknown,Artist platform,30,,,,,,,,,,,,,,,,,,,,,,
"Wrestling, Hornby Island, British Columbia",Barbara Hammer,Yes,1972,Unknown,Instagram,Removed post,https://www.artistsagainstcensorship.com,Unknown,Artist platform,30,,,,,,,,,,,,,,,,,,,,,,
Unknown,Clarity Haynes,Yes,Unknown,Unknown,Facebook,Suspended account,https://www.artistsagainstcensorship.com,Unknown,Artist platform,30,,,,,,,,,,,,,,,,,,,,,,
Unknown,Clotilde Petrosino,Yes,Unknown,Unknown,Instagram,Suspended account,https://www.artistsagainstcensorship.com,Unknown,Artist platform,30,,,,,,,,,,,,,,,,,,,,,,
Nudity Related Artwork,Daniel Maidman,Yes,Unknown,Unknown,Instagram,Removed post,https://www.artistsagainstcensorship.com,Unknown,Artist platform,30,,,,,,,,,,,,,,,,,,,,,,
Bore,Jacqueline King ,Yes,2015,Unknown,Instagram,Deleted account,https://www.artistsagainstcensorship.com,Unknown,Artist platform,30,,,,,,,,,,,,,,,,,,,,,,
Unknown,Kit King,Yes,Unknown,Unknown,Instagram,Removed post ,https://www.artistsagainstcensorship.com,Unknown,Artist platform,30,,,,,,,,,,,,,,,,,,,,,,
Unknown,Mochi Agogo,Yes,Unknown,Unknown,Instagram,Deleted account,https://www.artistsagainstcensorship.com,Unknown,Artist platform,30,,,,,,,,,,,,,,,,,,,,,,
Unknown,Savannah spirit,Yes,Unknown,Unknown,"Facebook, Instagram","Suspended account, Removed account",https://www.artistsagainstcensorship.com,Unknown,Artist platform,30,,,,,,,,,,,,,,,,,,,,,,
Nudity Related Artwork,Svetlana Sokolovskaya,Yes,Unknown,Unknown,"Facebook, Instagram","Removed post, suspended account",https://www.artistsagainstcensorship.com,Unknown,Artist platform,30,,,Non si capisce su quale piattaforma è stato fatto cosa,,,,,,,,,,,,,,,,,,,
Theljilja project ,The Ljilja,Yes,Unknown,Unknown,Instagram,Removed post ,https://www.artistsagainstcensorship.com,Unknown,Artist platform,30,,,,,,,,,,,,,,,,,,,,,,
"Are they really pro-life? Religion, Suicide and Hypocrisy",Abby Zeciroski,Yes,2018,2016,Facebook,Blocked Advertising,http://www.windycitymediagroup.com/lgbt/ART-Local-lesbian-artist-on-being-banned-from-social-media/66407.html,29 jun 2016,LGBTQ journal,46,,,,,,,,,,,,,,,,,,,,,,
The Origin of the World,Gustave Courbet,No,1886,2011,Facebook,Deleted account,https://glasstire.com/2018/12/15/facebook-and-the-art-of-censorship/,15 dec 2018,Art Magazine,50,,,,,,,,,,,,,,,,,,,,,,
Hellmouth (the hours of Catherine of Cleves),Catherine of Cleves,no,1440,2015,Facebook,Suspended account,https://glasstire.com/2018/12/15/facebook-and-the-art-of-censorship/,15 dec 2018,Art Magazine,50,,,,,,,,,,,,,,,,,,,,,,
Amor Vincit Omnia,Caravaggio,No,1602-1603,2016,Facebook,Suspended account,https://glasstire.com/2018/12/15/facebook-and-the-art-of-censorship/,15 dec 2018,Art Magazine,50,,,,,,,,,,,,,,,,,,,,,,
Neptune fountain,Giambologna,No ,1564-1566,2016,Facebook,Removed post,https://glasstire.com/2018/12/15/facebook-and-the-art-of-censorship/,15 dec 2018,Art Magazine,50,,,,,,,,,,,,,,,,,,,,,,
The Little Mermaid,Edvard Eriksen,No,1913,2016,Facebook,Removed post,https://glasstire.com/2018/12/15/facebook-and-the-art-of-censorship/,15 dec 2018,Art Magazine,50,,,,,,,,,,,,,,,,,,,,,,
The napalm girl ,Nick Ut,Yes,1972,2016,Facebook,Removed post,https://glasstire.com/2018/12/15/facebook-and-the-art-of-censorship/,15 dec 2018,Art Magazine,50,,,,,,,,,,,,,,,,,,,,,,
Self-Portrait with Sculpture,John De Andrea,Yes,1980,2018,Facebook,Suspended account,https://glasstire.com/2018/12/15/facebook-and-the-art-of-censorship/,15 dec 2018,Art Magazine,50,,,,,,,,,,,,,,,,,,,,,,
Venus of Willendorf,Unknown,No,23.000-19.000 a. C.,2018,Facebook,Removed post,https://glasstire.com/2018/12/15/facebook-and-the-art-of-censorship/,15 dec 2018,Art Magazine,50,,,,,,,,,,,,,,,,,,,,,,
100 Muses - Caoimhe Lavelle Photography,Dragana Jurisic,Yes,2015,2018,"Facebook, Instagram","Removed post, Suspended account",https://freemuse.org/wp-content/uploads/2019/03/saf-2019-online.pdf,20 Mar 2019,Indipendent organization,58,,,,,,,,,,,,,,,,,,,,,,
Femmes à la toilette,Pablo Picasso,No,1956,2018,Facebook,Blocked Advertising,https://freemuse.org/wp-content/uploads/2019/03/saf-2019-online.pdf,20 Mar 2019,Indipendent organization,58,,,,,,,,,,,,,,,,,,,,,,
The Descent from the Cross,Peter Paul Rubens,No,1612-14,2018,Facebook,Blocked Advertising,https://freemuse.org/wp-content/uploads/2019/03/saf-2019-online.pdf,20 Mar 2019,Indipendent organization,58,,,,,,,,,,,,,,,,,,,,,,
Women as object,Kate Durbin,Yes,2011-2013,2013,Facebook,Removed post,http://romanfineart.com/art-news/facebook-censors-art-historian-posting-nude-art-boots-platform/,28 Nov 2018,Media art company ,61,,,,,,,,,,,,,,,,,,,,,,
The Little Mermaid,Edvard Eriksen,No,1913,2016,Facebook,Removed post,http://romanfineart.com/art-news/facebook-censors-art-historian-posting-nude-art-boots-platform/,28 Nov 2018,Media art company ,61,,,,,,,,,,,,,,,,,,,,,,
Femmes à la toilette,Pablo Picasso,No,1956,2018,Facebook,Blocked Advertising,http://romanfineart.com/art-news/facebook-censors-art-historian-posting-nude-art-boots-platform/,28 Nov 2018,Media art company ,61,,,,,,,,,,,,,,,,,,,,,,
Self-Portrait with Sculpture,John De Andrea,Yes,1980,2018,Facebook,Suspended account,http://romanfineart.com/art-news/facebook-censors-art-historian-posting-nude-art-boots-platform/,28 Nov 2018,Media art company ,61,,,,,,,,,,,,,,,,,,,,,,
"Study of the Right Hand of Erasmus of Rotterdam,",Hans Holbein the Younger,No,1523,Unknown,Facebook,Suspended account,https://www.theguardian.com/artanddesign/jonathanjonesblog/2016/aug/31/facebook-banned-holbein-hand-hans-art-erotic,31 aug 2018,Newspaper,63,,,,,,,,,,,,,,,,,,,,,,
The Origin of the World,Gustave Courbet,No,1886,2011,Facebook,Deleted account,https://www.theguardian.com/artanddesign/jonathanjonesblog/2016/aug/31/facebook-banned-holbein-hand-hans-art-erotic,31 aug 2018,Newspaper,63,,,,,,,,,,,,,,,,,,,,,,
Unknown,Betty Tompkins,Yes,Unknown,Unknown,Twitter,Deleted account,https://i-d.vice.com/en_us/article/xwnqed/betty-tompkins-refuses-to-shut-up-or-be-censored,12 Apr 2019,Fashion and contemporary culture magazine,65,,,,,,,,,,,,,,,,,,,,,,
Freeing the Body ,Marina Abramovic,Yes,1976,2018,Instagram,Removed post,https://www.forbes.com/sites/joanneshurvell/2018/10/08/censored-by-instagram-new-exhibition-by-worlds-best-known-performance-artist/#45bbd03660cb,8 oct 2018,Newspaper,68,,,,,,,,,,,,,,,,,,,,,,
Nudity Related Artwork,Eliseo Solis Mora,Yes,Unknown,Unknown,Facebook ,Removed post,https://advox.globalvoices.org/2015/04/16/what-does-censoring-nude-art-say-about-us-and-our-social-networks/,16 Apr 2015,Online activists,70,,,,,,,,,,,,,,,,,,,,,,
Nudity Related Artwork,Erika Ordosgoitti,Yes,Unknown,Unknown,Facebook,Removed post,https://advox.globalvoices.org/2015/04/16/what-does-censoring-nude-art-say-about-us-and-our-social-networks/,16 Apr 2015,Online activists,70,,,,,,,,,,,,,,,,,,,,,,
The Origin of the World,Gustave Courbet,No,1886,2011,Facebook,Deleted account,https://advox.globalvoices.org/2015/04/16/what-does-censoring-nude-art-say-about-us-and-our-social-networks/,16 Apr 2015,Online activists,70,,,,,,,,,,,,,,,,,,,,,,
The Descent from the Cross,Peter Paul Rubens,No,1612-14,2018,Facebook,Blocked Advertising,https://apnews.com/82a80b928d2545b2b7aeffb18ac9289b/gallery/media:d5db3ae061064c728a7fc30deba9dbe0,28 jul 2018,Non-profit news cooperative,76,,,,,,,,,,,,,,,,,,,,,,
Make America Great Again,Ilma Gore,Yes,2016,Unknown,Facebook,Suspended account,https://www.latimes.com/entertainment/arts/miranda/la-et-cam-is-social-media-good-for-art-20160517-snap-htmlstory.html,23 jun 2016,Newspaper,77,,,,,,,,,,,,,,,,,,,,,,
Hellmouth (the hours of Catherine of Cleves),Catherine of Cleves,no,1440,2015,Facebook,Suspended account,https://www.latimes.com/entertainment/arts/miranda/la-et-cam-is-social-media-good-for-art-20160517-snap-htmlstory.html,23 jun 2016,Newspaper,77,,,,,,,,,,,,,,,,,,,,,,
Ice Cream,Evelyne Axell,Yes,1964,2016,Facebook,Removed post,https://www.latimes.com/entertainment/arts/miranda/la-et-cam-is-social-media-good-for-art-20160517-snap-htmlstory.html,23 jun 2016,Newspaper,77,,,,,,,,,,,,,,,,,,,,,,
Northview,Lisa Yuskavage,Yes,2000,2016,Instagram,Suspended account,https://www.latimes.com/entertainment/arts/miranda/la-et-cam-is-social-media-good-for-art-20160517-snap-htmlstory.html,23 jun 2016,Newspaper,77,,,,,,,,,,,,,,,,,,,,,,
The Little Mermaid,Edvard Eriksen,No,1913,2016,Facebook,Removed post,https://www.latimes.com/entertainment/arts/miranda/la-et-cam-is-social-media-good-for-art-20160517-snap-htmlstory.html,23 jun 2016,Newspaper,77,,,,,,,,,,,,,,,,,,,,,,
Nudity Related Artwork,Anders Zorn,No,Unknown,Unknown,Facebook,Removed post,https://publichouseofart.com/blog/art-censored-by-social-media,4 dec 2016,Media art company,79,,,,,,,,,,,,,,,,,,,,,,
Hellmouth (the hours of Catherine of Cleves),Catherine of Cleves,No,1440,2015,Facebook,Suspended account,https://publichouseofart.com/blog/art-censored-by-social-media,4 dec 2016,Media art company,79,,,,,,,,,,,,,,,,,,,,,,
Ice Cream,Evelyne Axell,Yes,1964,2016,Facebook,Removed post,https://publichouseofart.com/blog/art-censored-by-social-media,4 dec 2016,Media art company,79,,,,,,,,,,,,,,,,,,,,,,
The Little Mermaid,Edvard Eriksen,No,1913,2016,Facebook,Removed post,https://publichouseofart.com/blog/art-censored-by-social-media,4 dec 2016,Media art company,79,,,,,,,,,,,,,,,,,,,,,,
Nudity Related Artwork,Anders Zorn,No,Unknown,Unknown,Facebook,Removed post,https://bigthink.com/Picture-This/is-facebook-too-conservative-for-contemporary-art,17 sep 2011,Multimedia web portal,81,,,,,,,,,,,,,,,,,,,,,,
The Origin of the World,Gustave Courbet,No,1886,2011,Facebook,Deleted account,https://bigthink.com/Picture-This/is-facebook-too-conservative-for-contemporary-art,17 sep 2011,Multimedia web portal,81,,,,,,,,,,,,,,,,,,,,,,
The Origin of the World,Gustave Courbet,No,1886,2011,Facebook,Deleted account,https://www.widewalls.ch/art-censorship-facebook-philadelphia-museum-of-art/,11 Feb 2016,Online art gallery,83,,,,,,,,,,,,,,,,,,,,,,
Nude (227N),Edward Weston,No,1936,2015,Facebook,Suspended account,https://www.widewalls.ch/art-censorship-facebook-philadelphia-museum-of-art/,11 Feb 2016,Online art gallery,83,,,,,,,,,,,,,,,,,,,,,,
Ice Cream,Evelyne Axell,Yes,1964,2016,Facebook,Removed post,https://www.widewalls.ch/art-censorship-facebook-philadelphia-museum-of-art/,11 Feb 2016,Online art gallery,83,,,,,,,,,,,,,,,,,,,,,,
The Origin of the World,Gustave Courbet,No,1886,2011,Facebook,Deleted account,https://www.designboom.com/art/facebook-on-trial-censorship-courbet-02-06-2018/,6 Feb 2018,Design magazine,84,,,,,,,,,,,,,,,,,,,,,,
The Origin of the World,Gustave Courbet,No,1886,2011,Facebook,Deleted account,https://www.france24.com/en/20180201-france-facebook-art-censorship-culture-origin-world-trial-over-courbet-vagina-painting,2 jan 2018,International news broadcaster,85,,,,,,,,,,,,,,,,,,,,,,
Make America Great Again,Ilma Gore,Yes,2016,Unknown,Facebook,Suspended account,https://www.bostonglobe.com/arts/art/2017/04/25/mfa-among-museums-hit-instagram-censorship/tbPEbiVJOle06PzS71giuL/story.html,2 May 2017,Newspaper,90,,,,,,,,,,,,,,,,,,,,,,
Hellmouth (the hours of Catherine of Cleves),Catherine of Cleves,No,1440,2015,Facebook,Suspended account,https://www.bostonglobe.com/arts/art/2017/04/25/mfa-among-museums-hit-instagram-censorship/tbPEbiVJOle06PzS71giuL/story.html,3 May 2017,Newspaper,90,,,,,,,,,,,,,,,,,,,,,,
Reclined Nude,Amedeo Modigliani,No,1917,2015,Facebook,Removed post,https://www.bostonglobe.com/arts/art/2017/04/25/mfa-among-museums-hit-instagram-censorship/tbPEbiVJOle06PzS71giuL/story.html,29 Apr 2017,Newspaper,90,,,,,,,,,,,,,,,,,,,,,,
Ice Cream,Evelyne Axell,Yes,1964,2016,Facebook,Removed post,https://www.bostonglobe.com/arts/art/2017/04/25/mfa-among-museums-hit-instagram-censorship/tbPEbiVJOle06PzS71giuL/story.html,1 May 2017,Newspaper,90,,,,,,,,,,,,,,,,,,,,,,
Imogen and Twinka,Judy Dater,Yes,2015,2017,Instagram,Removed post,https://www.bostonglobe.com/arts/art/2017/04/25/mfa-among-museums-hit-instagram-censorship/tbPEbiVJOle06PzS71giuL/story.html,28 Apr 2017,Newspaper,90,,,,,,,,,,,,,,,,,,,,,,
Sunbath (Alta on the Beach),Imogen Cunningham,No,1925,2017,Instagram,Removed post,https://www.bostonglobe.com/arts/art/2017/04/25/mfa-among-museums-hit-instagram-censorship/tbPEbiVJOle06PzS71giuL/story.html,27 Apr 2017,Newspaper,90,,,,,,,,,,,,,,,,,,,,,,
Triangles,Imogen Cunningham,No,1928,2017,Instagram,Removed post,https://www.bostonglobe.com/arts/art/2017/04/25/mfa-among-museums-hit-instagram-censorship/tbPEbiVJOle06PzS71giuL/story.html,26 Apr 2017,Newspaper,90,,,,,,,,,,,,,,,,,,,,,,
Women Lovers ,Charles Blackman,Yes,1980,2017,Facebook,Blocked Advertising,https://www.bostonglobe.com/arts/art/2017/04/25/mfa-among-museums-hit-instagram-censorship/tbPEbiVJOle06PzS71giuL/story.html,30 Apr 2017,Newspaper,90,,,,,,,,,,,,,,,,,,,,,,
Unknown,Alexandra Marzella,Yes,Unknown,Unknown,Instagram,Suspended account,https://www.thefader.com/2014/12/23/6-creatives-on-the-consequences-of-social-media-censorship,23 dec 2014,Magazine,92,,,,,,,,,,,,,,,,,,,,,,
Unknown,Rachel Libeskind,Yes,Unknown,2014,Instagram,"Removed post, suspended account",https://www.thefader.com/2014/12/23/6-creatives-on-the-consequences-of-social-media-censorship,23 dec 2014,Magazine,92,,,,,,,,,,,,,,,,,,,,,,
Unknown,Petra Collins,Yes,Unknown,Unknown,Instagram,Deleted account,https://www.thefader.com/2014/12/23/6-creatives-on-the-consequences-of-social-media-censorship,23 dec 2014,Magazine,92,,,,,,,,,,,,,,,,,,,,,,
Nudity Related Artwork,Joanne Leah,Yes,Unknown,2015,Instagram,Deleted account,https://observer.com/2018/09/joanne-leahs-twofacedkitten-instagram-nudity-rule/,19 sep 2018,Magazine,93,,,,,,,,,,,,,,,,,,,,,,
Scorched Wings,Kamille Corry,Yes,2013,Unknown,"Facebook, Twitter",Suspended account,https://www.linkedin.com/pulse/how-social-media-censorship-editing-our-world-view-what-uri%C3%A9l-dana,17 may 2018,Social platform,97,,,,,,,,,,,,,,,,,,,,,,
Autocorpo,Marco Grassi,Yes,2013,Unknown,Facebook,Suspended account,https://www.linkedin.com/pulse/how-social-media-censorship-editing-our-world-view-what-uri%C3%A9l-dana,17 may 2018,Social platform,97,,,,,,,,,,,,,,,,,,,,,,
The Origin of the World,Gustave Courbet,No,1886,2011,Facebook,Deleted account,https://www.linkedin.com/pulse/how-social-media-censorship-editing-our-world-view-what-uri%C3%A9l-dana,17 may 2018,Social platform,97,,,,,,,,,,,,,,,,,,,,,,
The napalm girl ,Nick Ut,Yes,1972,2016,Facebook,Removed post,https://www.linkedin.com/pulse/how-social-media-censorship-editing-our-world-view-what-uri%C3%A9l-dana,17 may 2018,Social platform,97,,,,,,,,,,,,,,,,,,,,,,
A Model (Against a Blue Background),Natalia Goncharova,No,1910,2019,Instagram,Blocked Advertising,https://www.art-critique.com/en/2019/09/palazzo-strozzi-recently-censored-by-instagram/,17 sep 2019,Art newspaper,98,,,,,,,,,,,,,,,,,,,,,,
Glitterotica,Shelby Sells,Yes,2016,2016,Instagram,Deleted account,https://www.metrotimes.com/detroit/why-artist-shelby-sells-cant-stop-getting-censored/Content?oid=2392616,27 jan 2016,Newspaper,99,,,,,,,,,,,,,,,,,,,,,,
The Origin of the World,Gustave Courbet,No,1886,2011,Facebook,Deleted account,https://news.artnet.com/market/gray-market-facebook-art-censorship-1235822,5 Mar 2018,Media art company ,100,,,,,,,,,,,,,,,,,,,,,,
Ema (nude on a staircase),Gerhard Richter,Yes,1966,2012,Facebook,Removed post,https://news.artnet.com/market/gray-market-facebook-art-censorship-1235822,5 Mar 2018,Media art company ,100,,,,,,,,,,,,,,,,,,,,,,
Ice Cream,Evelyne Axell,Yes,1964,2016,Facebook,Removed post,https://news.artnet.com/market/gray-market-facebook-art-censorship-1235822,5 Mar 2018,Media art company ,100,,,,,,,,,,,,,,,,,,,,,,
The Little Mermaid,Edvard Eriksen,No,1913,2016,Facebook,Removed post,https://news.artnet.com/market/gray-market-facebook-art-censorship-1235822,5 Mar 2018,Media art company ,100,,,,,,,,,,,,,,,,,,,,,,
The napalm girl ,Nick Ut,Yes,1972,2016,Facebook,Removed post,https://news.artnet.com/market/gray-market-facebook-art-censorship-1235822,5 Mar 2018,Media art company ,100,,,,,,,,,,,,,,,,,,,,,,
Venus of Willendorf,Unknown,No,23.000-19.000 a. C.,2018,Facebook,Removed post,https://news.artnet.com/market/gray-market-facebook-art-censorship-1235822,5 Mar 2018,Media art company ,100,,,,,,,,,,,,,,,,,,,,,,
,,,,,,,,,,,,,,,,,,,,,,,,,,,,,,,,
,,,,,,,,,,,,,,,,,,,,,,,,,,,,,,,,
,,,,,,,,,,,,,,,,,,,,,,,,,,,,,,,,
,,,,,,,,,,,,,,,,,,,,,,,,,,,,,,,,
,,,,,,,,,,,,,,,,,,,,,,,,,,,,,,,,
,,,,,,,,,,,,,,,,,,,,,,,,,,,,,,,,
,,,,,,,,,,,,,,,,,,,,,,,,,,,,,,,,
,,,,,,,,,,,,,,,,,,,,,,,,,,,,,,,,
,,,,,,,,,,,,,,,,,,,,,,,,,,,,,,,,
,,,,,,,,,,,,,,,,,,,,,,,,,,,,,,,,
,,,,,,,,,,,,,,,,,,,,,,,,,,,,,,,,
,,,,,,,,,,,,,,,,,,,,,,,,,,,,,,,,
,,,,,,,,,,,,,,,,,,,,,,,,,,,,,,,,
,,,,,,,,,,,,,,,,,,,,,,,,,,,,,,,,
,,,,,,,,,,,,,,,,,,,,,,,,,,,,,,,,
,,,,,,,,,,,,,,,,,,,,,,,,,,,,,,,,
,,,,,,,,,,,,,,,,,,,,,,,,,,,,,,,,
,,,,,,,,,,,,,,,,,,,,,,,,,,,,,,,,
,,,,,,,,,,,,,,,,,,,,,,,,,,,,,,,,
,,,,,,,,,,,,,,,,,,,,,,,,,,,,,,,,
,,,,,,,,,,,,,,,,,,,,,,,,,,,,,,,,
,,,,,,,,,,,,,,,,,,,,,,,,,,,,,,,,
,,,,,,,,,,,,,,,,,,,,,,,,,,,,,,,,
,,,,,,,,,,,,,,,,,,,,,,,,,,,,,,,,
,,,,,,,,,,,,,,,,,,,,,,,,,,,,,,,,
,,,,,,,,,,,,,,,,,,,,,,,,,,,,,,,,
,,,,,,,,,,,,,,,,,,,,,,,,,,,,,,,,
,,,,,,,,,,,,,,,,,,,,,,,,,,,,,,,,
,,,,,,,,,,,,,,,,,,,,,,,,,,,,,,,,
,,,,,,,,,,,,,,,,,,,,,,,,,,,,,,,,
,,,,,,,,,,,,,,,,,,,,,,,,,,,,,,,,
,,,,,,,,,,,,,,,,,,,,,,,,,,,,,,,,
,,,,,,,,,,,,,,,,,,,,,,,,,,,,,,,,
,,,,,,,,,,,,,,,,,,,,,,,,,,,,,,,,
,,,,,,,,,,,,,,,,,,,,,,,,,,,,,,,,
,,,,,,,,,,,,,,,,,,,,,,,,,,,,,,,,
,,,,,,,,,,,,,,,,,,,,,,,,,,,,,,,,
,,,,,,,,,,,,,,,,,,,,,,,,,,,,,,,,
,,,,,,,,,,,,,,,,,,,,,,,,,,,,,,,,
,,,,,,,,,,,,,,,,,,,,,,,,,,,,,,,,
,,,,,,,,,,,,,,,,,,,,,,,,,,,,,,,,
,,,,,,,,,,,,,,,,,,,,,,,,,,,,,,,,
,,,,,,,,,,,,,,,,,,,,,,,,,,,,,,,,
,,,,,,,,,,,,,,,,,,,,,,,,,,,,,,,,
,,,,,,,,,,,,,,,,,,,,,,,,,,,,,,,,
,,,,,,,,,,,,,,,,,,,,,,,,,,,,,,,,
,,,,,,,,,,,,,,,,,,,,,,,,,,,,,,,,
,,,,,,,,,,,,,,,,,,,,,,,,,,,,,,,,
,,,,,,,,,,,,,,,,,,,,,,,,,,,,,,,,
,,,,,,,,,,,,,,,,,,,,,,,,,,,,,,,,
,,,,,,,,,,,,,,,,,,,,,,,,,,,,,,,,
,,,,,,,,,,,,,,,,,,,,,,,,,,,,,,,,
,,,,,,,,,,,,,,,,,,,,,,,,,,,,,,,,
,,,,,,,,,,,,,,,,,,,,,,,,,,,,,,,,
,,,,,,,,,,,,,,,,,,,,,,,,,,,,,,,,
,,,,,,,,,,,,,,,,,,,,,,,,,,,,,,,,
,,,,,,,,,,,,,,,,,,,,,,,,,,,,,,,,
,,,,,,,,,,,,,,,,,,,,,,,,,,,,,,,,
,,,,,,,,,,,,,,,,,,,,,,,,,,,,,,,,
,,,,,,,,,,,,,,,,,,,,,,,,,,,,,,,,
,,,,,,,,,,,,,,,,,,,,,,,,,,,,,,,,
,,,,,,,,,,,,,,,,,,,,,,,,,,,,,,,,
,,,,,,,,,,,,,,,,,,,,,,,,,,,,,,,,
,,,,,,,,,,,,,,,,,,,,,,,,,,,,,,,,
,,,,,,,,,,,,,,,,,,,,,,,,,,,,,,,,
,,,,,,,,,,,,,,,,,,,,,,,,,,,,,,,,
,,,,,,,,,,,,,,,,,,,,,,,,,,,,,,,,
,,,,,,,,,,,,,,,,,,,,,,,,,,,,,,,,
,,,,,,,,,,,,,,,,,,,,,,,,,,,,,,,,
,,,,,,,,,,,,,,,,,,,,,,,,,,,,,,,,
,,,,,,,,,,,,,,,,,,,,,,,,,,,,,,,,
,,,,,,,,,,,,,,,,,,,,,,,,,,,,,,,,
,,,,,,,,,,,,,,,,,,,,,,,,,,,,,,,,
,,,,,,,,,,,,,,,,,,,,,,,,,,,,,,,,
,,,,,,,,,,,,,,,,,,,,,,,,,,,,,,,,
,,,,,,,,,,,,,,,,,,,,,,,,,,,,,,,,
,,,,,,,,,,,,,,,,,,,,,,,,,,,,,,,,
,,,,,,,,,,,,,,,,,,,,,,,,,,,,,,,,
,,,,,,,,,,,,,,,,,,,,,,,,,,,,,,,,
,,,,,,,,,,,,,,,,,,,,,,,,,,,,,,,,
,,,,,,,,,,,,,,,,,,,,,,,,,,,,,,,,
,,,,,,,,,,,,,,,,,,,,,,,,,,,,,,,,
,,,,,,,,,,,,,,,,,,,,,,,,,,,,,,,,
,,,,,,,,,,,,,,,,,,,,,,,,,,,,,,,,
,,,,,,,,,,,,,,,,,,,,,,,,,,,,,,,,
,,,,,,,,,,,,,,,,,,,,,,,,,,,,,,,,
,,,,,,,,,,,,,,,,,,,,,,,,,,,,,,,,
,,,,,,,,,,,,,,,,,,,,,,,,,,,,,,,,
,,,,,,,,,,,,,,,,,,,,,,,,,,,,,,,,
,,,,,,,,,,,,,,,,,,,,,,,,,,,,,,,,
,,,,,,,,,,,,,,,,,,,,,,,,,,,,,,,,
,,,,,,,,,,,,,,,,,,,,,,,,,,,,,,,,
,,,,,,,,,,,,,,,,,,,,,,,,,,,,,,,,
,,,,,,,,,,,,,,,,,,,,,,,,,,,,,,,,
,,,,,,,,,,,,,,,,,,,,,,,,,,,,,,,,
,,,,,,,,,,,,,,,,,,,,,,,,,,,,,,,,
,,,,,,,,,,,,,,,,,,,,,,,,,,,,,,,,
,,,,,,,,,,,,,,,,,,,,,,,,,,,,,,,,
,,,,,,,,,,,,,,,,,,,,,,,,,,,,,,,,
,,,,,,,,,,,,,,,,,,,,,,,,,,,,,,,,
,,,,,,,,,,,,,,,,,,,,,,,,,,,,,,,,
,,,,,,,,,,,,,,,,,,,,,,,,,,,,,,,,
,,,,,,,,,,,,,,,,,,,,,,,,,,,,,,,,
,,,,,,,,,,,,,,,,,,,,,,,,,,,,,,,,
,,,,,,,,,,,,,,,,,,,,,,,,,,,,,,,,
,,,,,,,,,,,,,,,,,,,,,,,,,,,,,,,,
,,,,,,,,,,,,,,,,,,,,,,,,,,,,,,,,
,,,,,,,,,,,,,,,,,,,,,,,,,,,,,,,,
,,,,,,,,,,,,,,,,,,,,,,,,,,,,,,,,
,,,,,,,,,,,,,,,,,,,,,,,,,,,,,,,,
,,,,,,,,,,,,,,,,,,,,,,,,,,,,,,,,
,,,,,,,,,,,,,,,,,,,,,,,,,,,,,,,,
,,,,,,,,,,,,,,,,,,,,,,,,,,,,,,,,
,,,,,,,,,,,,,,,,,,,,,,,,,,,,,,,,
,,,,,,,,,,,,,,,,,,,,,,,,,,,,,,,,
,,,,,,,,,,,,,,,,,,,,,,,,,,,,,,,,
,,,,,,,,,,,,,,,,,,,,,,,,,,,,,,,,
,,,,,,,,,,,,,,,,,,,,,,,,,,,,,,,,
,,,,,,,,,,,,,,,,,,,,,,,,,,,,,,,,
,,,,,,,,,,,,,,,,,,,,,,,,,,,,,,,,
,,,,,,,,,,,,,,,,,,,,,,,,,,,,,,,,
,,,,,,,,,,,,,,,,,,,,,,,,,,,,,,,,
,,,,,,,,,,,,,,,,,,,,,,,,,,,,,,,,
,,,,,,,,,,,,,,,,,,,,,,,,,,,,,,,,
,,,,,,,,,,,,,,,,,,,,,,,,,,,,,,,,
,,,,,,,,,,,,,,,,,,,,,,,,,,,,,,,,
,,,,,,,,,,,,,,,,,,,,,,,,,,,,,,,,
,,,,,,,,,,,,,,,,,,,,,,,,,,,,,,,,
,,,,,,,,,,,,,,,,,,,,,,,,,,,,,,,,
,,,,,,,,,,,,,,,,,,,,,,,,,,,,,,,,
,,,,,,,,,,,,,,,,,,,,,,,,,,,,,,,,
,,,,,,,,,,,,,,,,,,,,,,,,,,,,,,,,
,,,,,,,,,,,,,,,,,,,,,,,,,,,,,,,,
,,,,,,,,,,,,,,,,,,,,,,,,,,,,,,,,
,,,,,,,,,,,,,,,,,,,,,,,,,,,,,,,,
,,,,,,,,,,,,,,,,,,,,,,,,,,,,,,,,
,,,,,,,,,,,,,,,,,,,,,,,,,,,,,,,,
,,,,,,,,,,,,,,,,,,,,,,,,,,,,,,,,
,,,,,,,,,,,,,,,,,,,,,,,,,,,,,,,,
,,,,,,,,,,,,,,,,,,,,,,,,,,,,,,,,
,,,,,,,,,,,,,,,,,,,,,,,,,,,,,,,,
,,,,,,,,,,,,,,,,,,,,,,,,,,,,,,,,
,,,,,,,,,,,,,,,,,,,,,,,,,,,,,,,,
,,,,,,,,,,,,,,,,,,,,,,,,,,,,,,,,
,,,,,,,,,,,,,,,,,,,,,,,,,,,,,,,,
,,,,,,,,,,,,,,,,,,,,,,,,,,,,,,,,
,,,,,,,,,,,,,,,,,,,,,,,,,,,,,,,,
,,,,,,,,,,,,,,,,,,,,,,,,,,,,,,,,
,,,,,,,,,,,,,,,,,,,,,,,,,,,,,,,,
,,,,,,,,,,,,,,,,,,,,,,,,,,,,,,,,
,,,,,,,,,,,,,,,,,,,,,,,,,,,,,,,,
,,,,,,,,,,,,,,,,,,,,,,,,,,,,,,,,
,,,,,,,,,,,,,,,,,,,,,,,,,,,,,,,,
,,,,,,,,,,,,,,,,,,,,,,,,,,,,,,,,
,,,,,,,,,,,,,,,,,,,,,,,,,,,,,,,,
,,,,,,,,,,,,,,,,,,,,,,,,,,,,,,,,
,,,,,,,,,,,,,,,,,,,,,,,,,,,,,,,,
,,,,,,,,,,,,,,,,,,,,,,,,,,,,,,,,
,,,,,,,,,,,,,,,,,,,,,,,,,,,,,,,,
,,,,,,,,,,,,,,,,,,,,,,,,,,,,,,,,
,,,,,,,,,,,,,,,,,,,,,,,,,,,,,,,,
,,,,,,,,,,,,,,,,,,,,,,,,,,,,,,,,
,,,,,,,,,,,,,,,,,,,,,,,,,,,,,,,,
,,,,,,,,,,,,,,,,,,,,,,,,,,,,,,,,
,,,,,,,,,,,,,,,,,,,,,,,,,,,,,,,,
,,,,,,,,,,,,,,,,,,,,,,,,,,,,,,,,
,,,,,,,,,,,,,,,,,,,,,,,,,,,,,,,,
,,,,,,,,,,,,,,,,,,,,,,,,,,,,,,,,
,,,,,,,,,,,,,,,,,,,,,,,,,,,,,,,,
,,,,,,,,,,,,,,,,,,,,,,,,,,,,,,,,
,,,,,,,,,,,,,,,,,,,,,,,,,,,,,,,,
,,,,,,,,,,,,,,,,,,,,,,,,,,,,,,,,
,,,,,,,,,,,,,,,,,,,,,,,,,,,,,,,,
,,,,,,,,,,,,,,,,,,,,,,,,,,,,,,,,
,,,,,,,,,,,,,,,,,,,,,,,,,,,,,,,,
,,,,,,,,,,,,,,,,,,,,,,,,,,,,,,,,
,,,,,,,,,,,,,,,,,,,,,,,,,,,,,,,,
,,,,,,,,,,,,,,,,,,,,,,,,,,,,,,,,
,,,,,,,,,,,,,,,,,,,,,,,,,,,,,,,,
,,,,,,,,,,,,,,,,,,,,,,,,,,,,,,,,
,,,,,,,,,,,,,,,,,,,,,,,,,,,,,,,,
,,,,,,,,,,,,,,,,,,,,,,,,,,,,,,,,
,,,,,,,,,,,,,,,,,,,,,,,,,,,,,,,,
,,,,,,,,,,,,,,,,,,,,,,,,,,,,,,,,
,,,,,,,,,,,,,,,,,,,,,,,,,,,,,,,,
,,,,,,,,,,,,,,,,,,,,,,,,,,,,,,,,
,,,,,,,,,,,,,,,,,,,,,,,,,,,,,,,,
,,,,,,,,,,,,,,,,,,,,,,,,,,,,,,,,
,,,,,,,,,,,,,,,,,,,,,,,,,,,,,,,,
,,,,,,,,,,,,,,,,,,,,,,,,,,,,,,,,
,,,,,,,,,,,,,,,,,,,,,,,,,,,,,,,,
,,,,,,,,,,,,,,,,,,,,,,,,,,,,,,,,
,,,,,,,,,,,,,,,,,,,,,,,,,,,,,,,,
,,,,,,,,,,,,,,,,,,,,,,,,,,,,,,,,
,,,,,,,,,,,,,,,,,,,,,,,,,,,,,,,,
,,,,,,,,,,,,,,,,,,,,,,,,,,,,,,,,
,,,,,,,,,,,,,,,,,,,,,,,,,,,,,,,,
,,,,,,,,,,,,,,,,,,,,,,,,,,,,,,,,
,,,,,,,,,,,,,,,,,,,,,,,,,,,,,,,,
,,,,,,,,,,,,,,,,,,,,,,,,,,,,,,,,
,,,,,,,,,,,,,,,,,,,,,,,,,,,,,,,,
,,,,,,,,,,,,,,,,,,,,,,,,,,,,,,,,
,,,,,,,,,,,,,,,,,,,,,,,,,,,,,,,,
,,,,,,,,,,,,,,,,,,,,,,,,,,,,,,,,
,,,,,,,,,,,,,,,,,,,,,,,,,,,,,,,,
,,,,,,,,,,,,,,,,,,,,,,,,,,,,,,,,
,,,,,,,,,,,,,,,,,,,,,,,,,,,,,,,,
,,,,,,,,,,,,,,,,,,,,,,,,,,,,,,,,
,,,,,,,,,,,,,,,,,,,,,,,,,,,,,,,,
,,,,,,,,,,,,,,,,,,,,,,,,,,,,,,,,
,,,,,,,,,,,,,,,,,,,,,,,,,,,,,,,,
,,,,,,,,,,,,,,,,,,,,,,,,,,,,,,,,
,,,,,,,,,,,,,,,,,,,,,,,,,,,,,,,,
,,,,,,,,,,,,,,,,,,,,,,,,,,,,,,,,
,,,,,,,,,,,,,,,,,,,,,,,,,,,,,,,,
,,,,,,,,,,,,,,,,,,,,,,,,,,,,,,,,
,,,,,,,,,,,,,,,,,,,,,,,,,,,,,,,,
,,,,,,,,,,,,,,,,,,,,,,,,,,,,,,,,
,,,,,,,,,,,,,,,,,,,,,,,,,,,,,,,,
,,,,,,,,,,,,,,,,,,,,,,,,,,,,,,,,
,,,,,,,,,,,,,,,,,,,,,,,,,,,,,,,,
,,,,,,,,,,,,,,,,,,,,,,,,,,,,,,,,
,,,,,,,,,,,,,,,,,,,,,,,,,,,,,,,,
,,,,,,,,,,,,,,,,,,,,,,,,,,,,,,,,
,,,,,,,,,,,,,,,,,,,,,,,,,,,,,,,,
,,,,,,,,,,,,,,,,,,,,,,,,,,,,,,,,
,,,,,,,,,,,,,,,,,,,,,,,,,,,,,,,,
,,,,,,,,,,,,,,,,,,,,,,,,,,,,,,,,
,,,,,,,,,,,,,,,,,,,,,,,,,,,,,,,,
,,,,,,,,,,,,,,,,,,,,,,,,,,,,,,,,
,,,,,,,,,,,,,,,,,,,,,,,,,,,,,,,,
,,,,,,,,,,,,,,,,,,,,,,,,,,,,,,,,
,,,,,,,,,,,,,,,,,,,,,,,,,,,,,,,,
,,,,,,,,,,,,,,,,,,,,,,,,,,,,,,,,
,,,,,,,,,,,,,,,,,,,,,,,,,,,,,,,,
,,,,,,,,,,,,,,,,,,,,,,,,,,,,,,,,
,,,,,,,,,,,,,,,,,,,,,,,,,,,,,,,,
,,,,,,,,,,,,,,,,,,,,,,,,,,,,,,,,
,,,,,,,,,,,,,,,,,,,,,,,,,,,,,,,,
,,,,,,,,,,,,,,,,,,,,,,,,,,,,,,,,
,,,,,,,,,,,,,,,,,,,,,,,,,,,,,,,,
,,,,,,,,,,,,,,,,,,,,,,,,,,,,,,,,
,,,,,,,,,,,,,,,,,,,,,,,,,,,,,,,,
,,,,,,,,,,,,,,,,,,,,,,,,,,,,,,,,
,,,,,,,,,,,,,,,,,,,,,,,,,,,,,,,,
,,,,,,,,,,,,,,,,,,,,,,,,,,,,,,,,
,,,,,,,,,,,,,,,,,,,,,,,,,,,,,,,,
,,,,,,,,,,,,,,,,,,,,,,,,,,,,,,,,
,,,,,,,,,,,,,,,,,,,,,,,,,,,,,,,,
,,,,,,,,,,,,,,,,,,,,,,,,,,,,,,,,
,,,,,,,,,,,,,,,,,,,,,,,,,,,,,,,,
,,,,,,,,,,,,,,,,,,,,,,,,,,,,,,,,
,,,,,,,,,,,,,,,,,,,,,,,,,,,,,,,,
,,,,,,,,,,,,,,,,,,,,,,,,,,,,,,,,
,,,,,,,,,,,,,,,,,,,,,,,,,,,,,,,,
,,,,,,,,,,,,,,,,,,,,,,,,,,,,,,,,
,,,,,,,,,,,,,,,,,,,,,,,,,,,,,,,,
,,,,,,,,,,,,,,,,,,,,,,,,,,,,,,,,
,,,,,,,,,,,,,,,,,,,,,,,,,,,,,,,,
,,,,,,,,,,,,,,,,,,,,,,,,,,,,,,,,
,,,,,,,,,,,,,,,,,,,,,,,,,,,,,,,,
,,,,,,,,,,,,,,,,,,,,,,,,,,,,,,,,
,,,,,,,,,,,,,,,,,,,,,,,,,,,,,,,,
,,,,,,,,,,,,,,,,,,,,,,,,,,,,,,,,
,,,,,,,,,,,,,,,,,,,,,,,,,,,,,,,,
,,,,,,,,,,,,,,,,,,,,,,,,,,,,,,,,
,,,,,,,,,,,,,,,,,,,,,,,,,,,,,,,,
,,,,,,,,,,,,,,,,,,,,,,,,,,,,,,,,
,,,,,,,,,,,,,,,,,,,,,,,,,,,,,,,,
,,,,,,,,,,,,,,,,,,,,,,,,,,,,,,,,
,,,,,,,,,,,,,,,,,,,,,,,,,,,,,,,,
,,,,,,,,,,,,,,,,,,,,,,,,,,,,,,,,
,,,,,,,,,,,,,,,,,,,,,,,,,,,,,,,,
,,,,,,,,,,,,,,,,,,,,,,,,,,,,,,,,
,,,,,,,,,,,,,,,,,,,,,,,,,,,,,,,,
,,,,,,,,,,,,,,,,,,,,,,,,,,,,,,,,
,,,,,,,,,,,,,,,,,,,,,,,,,,,,,,,,
,,,,,,,,,,,,,,,,,,,,,,,,,,,,,,,,
,,,,,,,,,,,,,,,,,,,,,,,,,,,,,,,,
,,,,,,,,,,,,,,,,,,,,,,,,,,,,,,,,
,,,,,,,,,,,,,,,,,,,,,,,,,,,,,,,,
,,,,,,,,,,,,,,,,,,,,,,,,,,,,,,,,
,,,,,,,,,,,,,,,,,,,,,,,,,,,,,,,,
,,,,,,,,,,,,,,,,,,,,,,,,,,,,,,,,
,,,,,,,,,,,,,,,,,,,,,,,,,,,,,,,,
,,,,,,,,,,,,,,,,,,,,,,,,,,,,,,,,
,,,,,,,,,,,,,,,,,,,,,,,,,,,,,,,,
,,,,,,,,,,,,,,,,,,,,,,,,,,,,,,,,
,,,,,,,,,,,,,,,,,,,,,,,,,,,,,,,,
,,,,,,,,,,,,,,,,,,,,,,,,,,,,,,,,
,,,,,,,,,,,,,,,,,,,,,,,,,,,,,,,,
,,,,,,,,,,,,,,,,,,,,,,,,,,,,,,,,
,,,,,,,,,,,,,,,,,,,,,,,,,,,,,,,,
,,,,,,,,,,,,,,,,,,,,,,,,,,,,,,,,
,,,,,,,,,,,,,,,,,,,,,,,,,,,,,,,,
,,,,,,,,,,,,,,,,,,,,,,,,,,,,,,,,
,,,,,,,,,,,,,,,,,,,,,,,,,,,,,,,,
,,,,,,,,,,,,,,,,,,,,,,,,,,,,,,,,
,,,,,,,,,,,,,,,,,,,,,,,,,,,,,,,,
,,,,,,,,,,,,,,,,,,,,,,,,,,,,,,,,
,,,,,,,,,,,,,,,,,,,,,,,,,,,,,,,,
,,,,,,,,,,,,,,,,,,,,,,,,,,,,,,,,
,,,,,,,,,,,,,,,,,,,,,,,,,,,,,,,,
,,,,,,,,,,,,,,,,,,,,,,,,,,,,,,,,
,,,,,,,,,,,,,,,,,,,,,,,,,,,,,,,,
,,,,,,,,,,,,,,,,,,,,,,,,,,,,,,,,
,,,,,,,,,,,,,,,,,,,,,,,,,,,,,,,,
,,,,,,,,,,,,,,,,,,,,,,,,,,,,,,,,
,,,,,,,,,,,,,,,,,,,,,,,,,,,,,,,,
,,,,,,,,,,,,,,,,,,,,,,,,,,,,,,,,
,,,,,,,,,,,,,,,,,,,,,,,,,,,,,,,,
,,,,,,,,,,,,,,,,,,,,,,,,,,,,,,,,
,,,,,,,,,,,,,,,,,,,,,,,,,,,,,,,,
,,,,,,,,,,,,,,,,,,,,,,,,,,,,,,,,
,,,,,,,,,,,,,,,,,,,,,,,,,,,,,,,,
,,,,,,,,,,,,,,,,,,,,,,,,,,,,,,,,
,,,,,,,,,,,,,,,,,,,,,,,,,,,,,,,,
,,,,,,,,,,,,,,,,,,,,,,,,,,,,,,,,
,,,,,,,,,,,,,,,,,,,,,,,,,,,,,,,,
,,,,,,,,,,,,,,,,,,,,,,,,,,,,,,,,
,,,,,,,,,,,,,,,,,,,,,,,,,,,,,,,,
,,,,,,,,,,,,,,,,,,,,,,,,,,,,,,,,
,,,,,,,,,,,,,,,,,,,,,,,,,,,,,,,,
,,,,,,,,,,,,,,,,,,,,,,,,,,,,,,,,
,,,,,,,,,,,,,,,,,,,,,,,,,,,,,,,,
,,,,,,,,,,,,,,,,,,,,,,,,,,,,,,,,
,,,,,,,,,,,,,,,,,,,,,,,,,,,,,,,,
,,,,,,,,,,,,,,,,,,,,,,,,,,,,,,,,
,,,,,,,,,,,,,,,,,,,,,,,,,,,,,,,,
,,,,,,,,,,,,,,,,,,,,,,,,,,,,,,,,
,,,,,,,,,,,,,,,,,,,,,,,,,,,,,,,,
,,,,,,,,,,,,,,,,,,,,,,,,,,,,,,,,
,,,,,,,,,,,,,,,,,,,,,,,,,,,,,,,,
,,,,,,,,,,,,,,,,,,,,,,,,,,,,,,,,
,,,,,,,,,,,,,,,,,,,,,,,,,,,,,,,,
,,,,,,,,,,,,,,,,,,,,,,,,,,,,,,,,
,,,,,,,,,,,,,,,,,,,,,,,,,,,,,,,,
,,,,,,,,,,,,,,,,,,,,,,,,,,,,,,,,
,,,,,,,,,,,,,,,,,,,,,,,,,,,,,,,,
,,,,,,,,,,,,,,,,,,,,,,,,,,,,,,,,
,,,,,,,,,,,,,,,,,,,,,,,,,,,,,,,,
,,,,,,,,,,,,,,,,,,,,,,,,,,,,,,,,
,,,,,,,,,,,,,,,,,,,,,,,,,,,,,,,,
,,,,,,,,,,,,,,,,,,,,,,,,,,,,,,,,
,,,,,,,,,,,,,,,,,,,,,,,,,,,,,,,,
,,,,,,,,,,,,,,,,,,,,,,,,,,,,,,,,
,,,,,,,,,,,,,,,,,,,,,,,,,,,,,,,,
,,,,,,,,,,,,,,,,,,,,,,,,,,,,,,,,
,,,,,,,,,,,,,,,,,,,,,,,,,,,,,,,,
,,,,,,,,,,,,,,,,,,,,,,,,,,,,,,,,
,,,,,,,,,,,,,,,,,,,,,,,,,,,,,,,,
,,,,,,,,,,,,,,,,,,,,,,,,,,,,,,,,
,,,,,,,,,,,,,,,,,,,,,,,,,,,,,,,,
,,,,,,,,,,,,,,,,,,,,,,,,,,,,,,,,
,,,,,,,,,,,,,,,,,,,,,,,,,,,,,,,,
,,,,,,,,,,,,,,,,,,,,,,,,,,,,,,,,
,,,,,,,,,,,,,,,,,,,,,,,,,,,,,,,,
,,,,,,,,,,,,,,,,,,,,,,,,,,,,,,,,
,,,,,,,,,,,,,,,,,,,,,,,,,,,,,,,,
,,,,,,,,,,,,,,,,,,,,,,,,,,,,,,,,
,,,,,,,,,,,,,,,,,,,,,,,,,,,,,,,,
,,,,,,,,,,,,,,,,,,,,,,,,,,,,,,,,
,,,,,,,,,,,,,,,,,,,,,,,,,,,,,,,,
,,,,,,,,,,,,,,,,,,,,,,,,,,,,,,,,
,,,,,,,,,,,,,,,,,,,,,,,,,,,,,,,,
,,,,,,,,,,,,,,,,,,,,,,,,,,,,,,,,
,,,,,,,,,,,,,,,,,,,,,,,,,,,,,,,,
,,,,,,,,,,,,,,,,,,,,,,,,,,,,,,,,
,,,,,,,,,,,,,,,,,,,,,,,,,,,,,,,,
,,,,,,,,,,,,,,,,,,,,,,,,,,,,,,,,
,,,,,,,,,,,,,,,,,,,,,,,,,,,,,,,,
,,,,,,,,,,,,,,,,,,,,,,,,,,,,,,,,
,,,,,,,,,,,,,,,,,,,,,,,,,,,,,,,,
,,,,,,,,,,,,,,,,,,,,,,,,,,,,,,,,
,,,,,,,,,,,,,,,,,,,,,,,,,,,,,,,,
,,,,,,,,,,,,,,,,,,,,,,,,,,,,,,,,
,,,,,,,,,,,,,,,,,,,,,,,,,,,,,,,,
,,,,,,,,,,,,,,,,,,,,,,,,,,,,,,,,
,,,,,,,,,,,,,,,,,,,,,,,,,,,,,,,,
,,,,,,,,,,,,,,,,,,,,,,,,,,,,,,,,
,,,,,,,,,,,,,,,,,,,,,,,,,,,,,,,,
,,,,,,,,,,,,,,,,,,,,,,,,,,,,,,,,
,,,,,,,,,,,,,,,,,,,,,,,,,,,,,,,,
,,,,,,,,,,,,,,,,,,,,,,,,,,,,,,,,
,,,,,,,,,,,,,,,,,,,,,,,,,,,,,,,,
,,,,,,,,,,,,,,,,,,,,,,,,,,,,,,,,
,,,,,,,,,,,,,,,,,,,,,,,,,,,,,,,,
,,,,,,,,,,,,,,,,,,,,,,,,,,,,,,,,
,,,,,,,,,,,,,,,,,,,,,,,,,,,,,,,,
,,,,,,,,,,,,,,,,,,,,,,,,,,,,,,,,
,,,,,,,,,,,,,,,,,,,,,,,,,,,,,,,,
,,,,,,,,,,,,,,,,,,,,,,,,,,,,,,,,
,,,,,,,,,,,,,,,,,,,,,,,,,,,,,,,,
,,,,,,,,,,,,,,,,,,,,,,,,,,,,,,,,
,,,,,,,,,,,,,,,,,,,,,,,,,,,,,,,,
,,,,,,,,,,,,,,,,,,,,,,,,,,,,,,,,
,,,,,,,,,,,,,,,,,,,,,,,,,,,,,,,,
,,,,,,,,,,,,,,,,,,,,,,,,,,,,,,,,
,,,,,,,,,,,,,,,,,,,,,,,,,,,,,,,,
,,,,,,,,,,,,,,,,,,,,,,,,,,,,,,,,
,,,,,,,,,,,,,,,,,,,,,,,,,,,,,,,,
,,,,,,,,,,,,,,,,,,,,,,,,,,,,,,,,
,,,,,,,,,,,,,,,,,,,,,,,,,,,,,,,,
,,,,,,,,,,,,,,,,,,,,,,,,,,,,,,,,
,,,,,,,,,,,,,,,,,,,,,,,,,,,,,,,,
,,,,,,,,,,,,,,,,,,,,,,,,,,,,,,,,
,,,,,,,,,,,,,,,,,,,,,,,,,,,,,,,,
,,,,,,,,,,,,,,,,,,,,,,,,,,,,,,,,
,,,,,,,,,,,,,,,,,,,,,,,,,,,,,,,,
,,,,,,,,,,,,,,,,,,,,,,,,,,,,,,,,
,,,,,,,,,,,,,,,,,,,,,,,,,,,,,,,,
,,,,,,,,,,,,,,,,,,,,,,,,,,,,,,,,
,,,,,,,,,,,,,,,,,,,,,,,,,,,,,,,,
,,,,,,,,,,,,,,,,,,,,,,,,,,,,,,,,
,,,,,,,,,,,,,,,,,,,,,,,,,,,,,,,,
,,,,,,,,,,,,,,,,,,,,,,,,,,,,,,,,
,,,,,,,,,,,,,,,,,,,,,,,,,,,,,,,,
,,,,,,,,,,,,,,,,,,,,,,,,,,,,,,,,
,,,,,,,,,,,,,,,,,,,,,,,,,,,,,,,,
,,,,,,,,,,,,,,,,,,,,,,,,,,,,,,,,
,,,,,,,,,,,,,,,,,,,,,,,,,,,,,,,,
,,,,,,,,,,,,,,,,,,,,,,,,,,,,,,,,
,,,,,,,,,,,,,,,,,,,,,,,,,,,,,,,,
,,,,,,,,,,,,,,,,,,,,,,,,,,,,,,,,
,,,,,,,,,,,,,,,,,,,,,,,,,,,,,,,,
,,,,,,,,,,,,,,,,,,,,,,,,,,,,,,,,
,,,,,,,,,,,,,,,,,,,,,,,,,,,,,,,,
,,,,,,,,,,,,,,,,,,,,,,,,,,,,,,,,
,,,,,,,,,,,,,,,,,,,,,,,,,,,,,,,,
,,,,,,,,,,,,,,,,,,,,,,,,,,,,,,,,
,,,,,,,,,,,,,,,,,,,,,,,,,,,,,,,,
,,,,,,,,,,,,,,,,,,,,,,,,,,,,,,,,
,,,,,,,,,,,,,,,,,,,,,,,,,,,,,,,,
,,,,,,,,,,,,,,,,,,,,,,,,,,,,,,,,
,,,,,,,,,,,,,,,,,,,,,,,,,,,,,,,,
,,,,,,,,,,,,,,,,,,,,,,,,,,,,,,,,
,,,,,,,,,,,,,,,,,,,,,,,,,,,,,,,,
,,,,,,,,,,,,,,,,,,,,,,,,,,,,,,,,
,,,,,,,,,,,,,,,,,,,,,,,,,,,,,,,,
,,,,,,,,,,,,,,,,,,,,,,,,,,,,,,,,
,,,,,,,,,,,,,,,,,,,,,,,,,,,,,,,,
,,,,,,,,,,,,,,,,,,,,,,,,,,,,,,,,
,,,,,,,,,,,,,,,,,,,,,,,,,,,,,,,,
,,,,,,,,,,,,,,,,,,,,,,,,,,,,,,,,
,,,,,,,,,,,,,,,,,,,,,,,,,,,,,,,,
,,,,,,,,,,,,,,,,,,,,,,,,,,,,,,,,
,,,,,,,,,,,,,,,,,,,,,,,,,,,,,,,,
,,,,,,,,,,,,,,,,,,,,,,,,,,,,,,,,
,,,,,,,,,,,,,,,,,,,,,,,,,,,,,,,,
,,,,,,,,,,,,,,,,,,,,,,,,,,,,,,,,
,,,,,,,,,,,,,,,,,,,,,,,,,,,,,,,,
,,,,,,,,,,,,,,,,,,,,,,,,,,,,,,,,
,,,,,,,,,,,,,,,,,,,,,,,,,,,,,,,,
,,,,,,,,,,,,,,,,,,,,,,,,,,,,,,,,
,,,,,,,,,,,,,,,,,,,,,,,,,,,,,,,,
,,,,,,,,,,,,,,,,,,,,,,,,,,,,,,,,
,,,,,,,,,,,,,,,,,,,,,,,,,,,,,,,,
,,,,,,,,,,,,,,,,,,,,,,,,,,,,,,,,
,,,,,,,,,,,,,,,,,,,,,,,,,,,,,,,,
,,,,,,,,,,,,,,,,,,,,,,,,,,,,,,,,
,,,,,,,,,,,,,,,,,,,,,,,,,,,,,,,,
,,,,,,,,,,,,,,,,,,,,,,,,,,,,,,,,
,,,,,,,,,,,,,,,,,,,,,,,,,,,,,,,,
,,,,,,,,,,,,,,,,,,,,,,,,,,,,,,,,
,,,,,,,,,,,,,,,,,,,,,,,,,,,,,,,,
,,,,,,,,,,,,,,,,,,,,,,,,,,,,,,,,
,,,,,,,,,,,,,,,,,,,,,,,,,,,,,,,,
,,,,,,,,,,,,,,,,,,,,,,,,,,,,,,,,
,,,,,,,,,,,,,,,,,,,,,,,,,,,,,,,,
,,,,,,,,,,,,,,,,,,,,,,,,,,,,,,,,
,,,,,,,,,,,,,,,,,,,,,,,,,,,,,,,,
,,,,,,,,,,,,,,,,,,,,,,,,,,,,,,,,
,,,,,,,,,,,,,,,,,,,,,,,,,,,,,,,,
,,,,,,,,,,,,,,,,,,,,,,,,,,,,,,,,
,,,,,,,,,,,,,,,,,,,,,,,,,,,,,,,,
,,,,,,,,,,,,,,,,,,,,,,,,,,,,,,,,
,,,,,,,,,,,,,,,,,,,,,,,,,,,,,,,,
,,,,,,,,,,,,,,,,,,,,,,,,,,,,,,,,
,,,,,,,,,,,,,,,,,,,,,,,,,,,,,,,,
,,,,,,,,,,,,,,,,,,,,,,,,,,,,,,,,
,,,,,,,,,,,,,,,,,,,,,,,,,,,,,,,,
,,,,,,,,,,,,,,,,,,,,,,,,,,,,,,,,
,,,,,,,,,,,,,,,,,,,,,,,,,,,,,,,,
,,,,,,,,,,,,,,,,,,,,,,,,,,,,,,,,
,,,,,,,,,,,,,,,,,,,,,,,,,,,,,,,,
,,,,,,,,,,,,,,,,,,,,,,,,,,,,,,,,
,,,,,,,,,,,,,,,,,,,,,,,,,,,,,,,,
,,,,,,,,,,,,,,,,,,,,,,,,,,,,,,,,
,,,,,,,,,,,,,,,,,,,,,,,,,,,,,,,,
,,,,,,,,,,,,,,,,,,,,,,,,,,,,,,,,
,,,,,,,,,,,,,,,,,,,,,,,,,,,,,,,,
,,,,,,,,,,,,,,,,,,,,,,,,,,,,,,,,
,,,,,,,,,,,,,,,,,,,,,,,,,,,,,,,,
,,,,,,,,,,,,,,,,,,,,,,,,,,,,,,,,
,,,,,,,,,,,,,,,,,,,,,,,,,,,,,,,,
,,,,,,,,,,,,,,,,,,,,,,,,,,,,,,,,
,,,,,,,,,,,,,,,,,,,,,,,,,,,,,,,,
,,,,,,,,,,,,,,,,,,,,,,,,,,,,,,,,
,,,,,,,,,,,,,,,,,,,,,,,,,,,,,,,,
,,,,,,,,,,,,,,,,,,,,,,,,,,,,,,,,
,,,,,,,,,,,,,,,,,,,,,,,,,,,,,,,,
,,,,,,,,,,,,,,,,,,,,,,,,,,,,,,,,
,,,,,,,,,,,,,,,,,,,,,,,,,,,,,,,,
,,,,,,,,,,,,,,,,,,,,,,,,,,,,,,,,
,,,,,,,,,,,,,,,,,,,,,,,,,,,,,,,,
,,,,,,,,,,,,,,,,,,,,,,,,,,,,,,,,
,,,,,,,,,,,,,,,,,,,,,,,,,,,,,,,,
,,,,,,,,,,,,,,,,,,,,,,,,,,,,,,,,
,,,,,,,,,,,,,,,,,,,,,,,,,,,,,,,,
,,,,,,,,,,,,,,,,,,,,,,,,,,,,,,,,
,,,,,,,,,,,,,,,,,,,,,,,,,,,,,,,,
,,,,,,,,,,,,,,,,,,,,,,,,,,,,,,,,
,,,,,,,,,,,,,,,,,,,,,,,,,,,,,,,,
,,,,,,,,,,,,,,,,,,,,,,,,,,,,,,,,
,,,,,,,,,,,,,,,,,,,,,,,,,,,,,,,,
,,,,,,,,,,,,,,,,,,,,,,,,,,,,,,,,
,,,,,,,,,,,,,,,,,,,,,,,,,,,,,,,,
,,,,,,,,,,,,,,,,,,,,,,,,,,,,,,,,
,,,,,,,,,,,,,,,,,,,,,,,,,,,,,,,,
,,,,,,,,,,,,,,,,,,,,,,,,,,,,,,,,
,,,,,,,,,,,,,,,,,,,,,,,,,,,,,,,,
,,,,,,,,,,,,,,,,,,,,,,,,,,,,,,,,
,,,,,,,,,,,,,,,,,,,,,,,,,,,,,,,,
,,,,,,,,,,,,,,,,,,,,,,,,,,,,,,,,
,,,,,,,,,,,,,,,,,,,,,,,,,,,,,,,,
,,,,,,,,,,,,,,,,,,,,,,,,,,,,,,,,
,,,,,,,,,,,,,,,,,,,,,,,,,,,,,,,,
,,,,,,,,,,,,,,,,,,,,,,,,,,,,,,,,
,,,,,,,,,,,,,,,,,,,,,,,,,,,,,,,,
,,,,,,,,,,,,,,,,,,,,,,,,,,,,,,,,
,,,,,,,,,,,,,,,,,,,,,,,,,,,,,,,,
,,,,,,,,,,,,,,,,,,,,,,,,,,,,,,,,
,,,,,,,,,,,,,,,,,,,,,,,,,,,,,,,,
,,,,,,,,,,,,,,,,,,,,,,,,,,,,,,,,
,,,,,,,,,,,,,,,,,,,,,,,,,,,,,,,,
,,,,,,,,,,,,,,,,,,,,,,,,,,,,,,,,
,,,,,,,,,,,,,,,,,,,,,,,,,,,,,,,,
,,,,,,,,,,,,,,,,,,,,,,,,,,,,,,,,
,,,,,,,,,,,,,,,,,,,,,,,,,,,,,,,,
,,,,,,,,,,,,,,,,,,,,,,,,,,,,,,,,
,,,,,,,,,,,,,,,,,,,,,,,,,,,,,,,,
,,,,,,,,,,,,,,,,,,,,,,,,,,,,,,,,
,,,,,,,,,,,,,,,,,,,,,,,,,,,,,,,,
,,,,,,,,,,,,,,,,,,,,,,,,,,,,,,,,
,,,,,,,,,,,,,,,,,,,,,,,,,,,,,,,,
,,,,,,,,,,,,,,,,,,,,,,,,,,,,,,,,
,,,,,,,,,,,,,,,,,,,,,,,,,,,,,,,,
,,,,,,,,,,,,,,,,,,,,,,,,,,,,,,,,
,,,,,,,,,,,,,,,,,,,,,,,,,,,,,,,,
,,,,,,,,,,,,,,,,,,,,,,,,,,,,,,,,
,,,,,,,,,,,,,,,,,,,,,,,,,,,,,,,,
,,,,,,,,,,,,,,,,,,,,,,,,,,,,,,,,
,,,,,,,,,,,,,,,,,,,,,,,,,,,,,,,,
,,,,,,,,,,,,,,,,,,,,,,,,,,,,,,,,
,,,,,,,,,,,,,,,,,,,,,,,,,,,,,,,,
,,,,,,,,,,,,,,,,,,,,,,,,,,,,,,,,
,,,,,,,,,,,,,,,,,,,,,,,,,,,,,,,,
,,,,,,,,,,,,,,,,,,,,,,,,,,,,,,,,
,,,,,,,,,,,,,,,,,,,,,,,,,,,,,,,,
,,,,,,,,,,,,,,,,,,,,,,,,,,,,,,,,
,,,,,,,,,,,,,,,,,,,,,,,,,,,,,,,,
,,,,,,,,,,,,,,,,,,,,,,,,,,,,,,,,
,,,,,,,,,,,,,,,,,,,,,,,,,,,,,,,,
,,,,,,,,,,,,,,,,,,,,,,,,,,,,,,,,
,,,,,,,,,,,,,,,,,,,,,,,,,,,,,,,,
,,,,,,,,,,,,,,,,,,,,,,,,,,,,,,,,
,,,,,,,,,,,,,,,,,,,,,,,,,,,,,,,,
,,,,,,,,,,,,,,,,,,,,,,,,,,,,,,,,
,,,,,,,,,,,,,,,,,,,,,,,,,,,,,,,,
,,,,,,,,,,,,,,,,,,,,,,,,,,,,,,,,
,,,,,,,,,,,,,,,,,,,,,,,,,,,,,,,,
,,,,,,,,,,,,,,,,,,,,,,,,,,,,,,,,
,,,,,,,,,,,,,,,,,,,,,,,,,,,,,,,,
,,,,,,,,,,,,,,,,,,,,,,,,,,,,,,,,
,,,,,,,,,,,,,,,,,,,,,,,,,,,,,,,,
,,,,,,,,,,,,,,,,,,,,,,,,,,,,,,,,
,,,,,,,,,,,,,,,,,,,,,,,,,,,,,,,,
,,,,,,,,,,,,,,,,,,,,,,,,,,,,,,,,
,,,,,,,,,,,,,,,,,,,,,,,,,,,,,,,,
,,,,,,,,,,,,,,,,,,,,,,,,,,,,,,,,
,,,,,,,,,,,,,,,,,,,,,,,,,,,,,,,,
,,,,,,,,,,,,,,,,,,,,,,,,,,,,,,,,
,,,,,,,,,,,,,,,,,,,,,,,,,,,,,,,,
,,,,,,,,,,,,,,,,,,,,,,,,,,,,,,,,
,,,,,,,,,,,,,,,,,,,,,,,,,,,,,,,,
,,,,,,,,,,,,,,,,,,,,,,,,,,,,,,,,
,,,,,,,,,,,,,,,,,,,,,,,,,,,,,,,,
,,,,,,,,,,,,,,,,,,,,,,,,,,,,,,,,
,,,,,,,,,,,,,,,,,,,,,,,,,,,,,,,,
,,,,,,,,,,,,,,,,,,,,,,,,,,,,,,,,
,,,,,,,,,,,,,,,,,,,,,,,,,,,,,,,,
,,,,,,,,,,,,,,,,,,,,,,,,,,,,,,,,
,,,,,,,,,,,,,,,,,,,,,,,,,,,,,,,,
,,,,,,,,,,,,,,,,,,,,,,,,,,,,,,,,
,,,,,,,,,,,,,,,,,,,,,,,,,,,,,,,,
,,,,,,,,,,,,,,,,,,,,,,,,,,,,,,,,
,,,,,,,,,,,,,,,,,,,,,,,,,,,,,,,,
,,,,,,,,,,,,,,,,,,,,,,,,,,,,,,,,
,,,,,,,,,,,,,,,,,,,,,,,,,,,,,,,,
,,,,,,,,,,,,,,,,,,,,,,,,,,,,,,,,
,,,,,,,,,,,,,,,,,,,,,,,,,,,,,,,,
,,,,,,,,,,,,,,,,,,,,,,,,,,,,,,,,
,,,,,,,,,,,,,,,,,,,,,,,,,,,,,,,,
,,,,,,,,,,,,,,,,,,,,,,,,,,,,,,,,
,,,,,,,,,,,,,,,,,,,,,,,,,,,,,,,,
,,,,,,,,,,,,,,,,,,,,,,,,,,,,,,,,
,,,,,,,,,,,,,,,,,,,,,,,,,,,,,,,,
,,,,,,,,,,,,,,,,,,,,,,,,,,,,,,,,
,,,,,,,,,,,,,,,,,,,,,,,,,,,,,,,,
,,,,,,,,,,,,,,,,,,,,,,,,,,,,,,,,
,,,,,,,,,,,,,,,,,,,,,,,,,,,,,,,,
,,,,,,,,,,,,,,,,,,,,,,,,,,,,,,,,
,,,,,,,,,,,,,,,,,,,,,,,,,,,,,,,,
,,,,,,,,,,,,,,,,,,,,,,,,,,,,,,,,
,,,,,,,,,,,,,,,,,,,,,,,,,,,,,,,,
,,,,,,,,,,,,,,,,,,,,,,,,,,,,,,,,
,,,,,,,,,,,,,,,,,,,,,,,,,,,,,,,,
,,,,,,,,,,,,,,,,,,,,,,,,,,,,,,,,
,,,,,,,,,,,,,,,,,,,,,,,,,,,,,,,,
,,,,,,,,,,,,,,,,,,,,,,,,,,,,,,,,
,,,,,,,,,,,,,,,,,,,,,,,,,,,,,,,,
,,,,,,,,,,,,,,,,,,,,,,,,,,,,,,,,
,,,,,,,,,,,,,,,,,,,,,,,,,,,,,,,,
,,,,,,,,,,,,,,,,,,,,,,,,,,,,,,,,
,,,,,,,,,,,,,,,,,,,,,,,,,,,,,,,,
,,,,,,,,,,,,,,,,,,,,,,,,,,,,,,,,
,,,,,,,,,,,,,,,,,,,,,,,,,,,,,,,,
,,,,,,,,,,,,,,,,,,,,,,,,,,,,,,,,
,,,,,,,,,,,,,,,,,,,,,,,,,,,,,,,,
,,,,,,,,,,,,,,,,,,,,,,,,,,,,,,,,
,,,,,,,,,,,,,,,,,,,,,,,,,,,,,,,,
,,,,,,,,,,,,,,,,,,,,,,,,,,,,,,,,
,,,,,,,,,,,,,,,,,,,,,,,,,,,,,,,,
,,,,,,,,,,,,,,,,,,,,,,,,,,,,,,,,
,,,,,,,,,,,,,,,,,,,,,,,,,,,,,,,,
,,,,,,,,,,,,,,,,,,,,,,,,,,,,,,,,
,,,,,,,,,,,,,,,,,,,,,,,,,,,,,,,,
,,,,,,,,,,,,,,,,,,,,,,,,,,,,,,,,
,,,,,,,,,,,,,,,,,,,,,,,,,,,,,,,,
,,,,,,,,,,,,,,,,,,,,,,,,,,,,,,,,
,,,,,,,,,,,,,,,,,,,,,,,,,,,,,,,,
,,,,,,,,,,,,,,,,,,,,,,,,,,,,,,,,
,,,,,,,,,,,,,,,,,,,,,,,,,,,,,,,,
,,,,,,,,,,,,,,,,,,,,,,,,,,,,,,,,
,,,,,,,,,,,,,,,,,,,,,,,,,,,,,,,,
,,,,,,,,,,,,,,,,,,,,,,,,,,,,,,,,
,,,,,,,,,,,,,,,,,,,,,,,,,,,,,,,,
,,,,,,,,,,,,,,,,,,,,,,,,,,,,,,,,
,,,,,,,,,,,,,,,,,,,,,,,,,,,,,,,,
,,,,,,,,,,,,,,,,,,,,,,,,,,,,,,,,
,,,,,,,,,,,,,,,,,,,,,,,,,,,,,,,,
,,,,,,,,,,,,,,,,,,,,,,,,,,,,,,,,
,,,,,,,,,,,,,,,,,,,,,,,,,,,,,,,,
,,,,,,,,,,,,,,,,,,,,,,,,,,,,,,,,
,,,,,,,,,,,,,,,,,,,,,,,,,,,,,,,,
,,,,,,,,,,,,,,,,,,,,,,,,,,,,,,,,
,,,,,,,,,,,,,,,,,,,,,,,,,,,,,,,,
,,,,,,,,,,,,,,,,,,,,,,,,,,,,,,,,
,,,,,,,,,,,,,,,,,,,,,,,,,,,,,,,,
,,,,,,,,,,,,,,,,,,,,,,,,,,,,,,,,
,,,,,,,,,,,,,,,,,,,,,,,,,,,,,,,,
,,,,,,,,,,,,,,,,,,,,,,,,,,,,,,,,
,,,,,,,,,,,,,,,,,,,,,,,,,,,,,,,,
,,,,,,,,,,,,,,,,,,,,,,,,,,,,,,,,
,,,,,,,,,,,,,,,,,,,,,,,,,,,,,,,,
,,,,,,,,,,,,,,,,,,,,,,,,,,,,,,,,
,,,,,,,,,,,,,,,,,,,,,,,,,,,,,,,,
,,,,,,,,,,,,,,,,,,,,,,,,,,,,,,,,
,,,,,,,,,,,,,,,,,,,,,,,,,,,,,,,,
,,,,,,,,,,,,,,,,,,,,,,,,,,,,,,,,
,,,,,,,,,,,,,,,,,,,,,,,,,,,,,,,,
,,,,,,,,,,,,,,,,,,,,,,,,,,,,,,,,
,,,,,,,,,,,,,,,,,,,,,,,,,,,,,,,,
,,,,,,,,,,,,,,,,,,,,,,,,,,,,,,,,
,,,,,,,,,,,,,,,,,,,,,,,,,,,,,,,,
,,,,,,,,,,,,,,,,,,,,,,,,,,,,,,,,
,,,,,,,,,,,,,,,,,,,,,,,,,,,,,,,,
,,,,,,,,,,,,,,,,,,,,,,,,,,,,,,,,
,,,,,,,,,,,,,,,,,,,,,,,,,,,,,,,,
,,,,,,,,,,,,,,,,,,,,,,,,,,,,,,,,
,,,,,,,,,,,,,,,,,,,,,,,,,,,,,,,,
,,,,,,,,,,,,,,,,,,,,,,,,,,,,,,,,
,,,,,,,,,,,,,,,,,,,,,,,,,,,,,,,,
,,,,,,,,,,,,,,,,,,,,,,,,,,,,,,,,
,,,,,,,,,,,,,,,,,,,,,,,,,,,,,,,,
,,,,,,,,,,,,,,,,,,,,,,,,,,,,,,,,
,,,,,,,,,,,,,,,,,,,,,,,,,,,,,,,,
,,,,,,,,,,,,,,,,,,,,,,,,,,,,,,,,
,,,,,,,,,,,,,,,,,,,,,,,,,,,,,,,,
,,,,,,,,,,,,,,,,,,,,,,,,,,,,,,,,
,,,,,,,,,,,,,,,,,,,,,,,,,,,,,,,,
,,,,,,,,,,,,,,,,,,,,,,,,,,,,,,,,
,,,,,,,,,,,,,,,,,,,,,,,,,,,,,,,,
,,,,,,,,,,,,,,,,,,,,,,,,,,,,,,,,
,,,,,,,,,,,,,,,,,,,,,,,,,,,,,,,,
,,,,,,,,,,,,,,,,,,,,,,,,,,,,,,,,
,,,,,,,,,,,,,,,,,,,,,,,,,,,,,,,,
,,,,,,,,,,,,,,,,,,,,,,,,,,,,,,,,
,,,,,,,,,,,,,,,,,,,,,,,,,,,,,,,,
,,,,,,,,,,,,,,,,,,,,,,,,,,,,,,,,
,,,,,,,,,,,,,,,,,,,,,,,,,,,,,,,,
,,,,,,,,,,,,,,,,,,,,,,,,,,,,,,,,
,,,,,,,,,,,,,,,,,,,,,,,,,,,,,,,,
,,,,,,,,,,,,,,,,,,,,,,,,,,,,,,,,
,,,,,,,,,,,,,,,,,,,,,,,,,,,,,,,,
,,,,,,,,,,,,,,,,,,,,,,,,,,,,,,,,
,,,,,,,,,,,,,,,,,,,,,,,,,,,,,,,,
,,,,,,,,,,,,,,,,,,,,,,,,,,,,,,,,
,,,,,,,,,,,,,,,,,,,,,,,,,,,,,,,,
,,,,,,,,,,,,,,,,,,,,,,,,,,,,,,,,
,,,,,,,,,,,,,,,,,,,,,,,,,,,,,,,,
,,,,,,,,,,,,,,,,,,,,,,,,,,,,,,,,
,,,,,,,,,,,,,,,,,,,,,,,,,,,,,,,,
,,,,,,,,,,,,,,,,,,,,,,,,,,,,,,,,
,,,,,,,,,,,,,,,,,,,,,,,,,,,,,,,,
,,,,,,,,,,,,,,,,,,,,,,,,,,,,,,,,
,,,,,,,,,,,,,,,,,,,,,,,,,,,,,,,,
,,,,,,,,,,,,,,,,,,,,,,,,,,,,,,,,
,,,,,,,,,,,,,,,,,,,,,,,,,,,,,,,,
,,,,,,,,,,,,,,,,,,,,,,,,,,,,,,,,
,,,,,,,,,,,,,,,,,,,,,,,,,,,,,,,,
,,,,,,,,,,,,,,,,,,,,,,,,,,,,,,,,
,,,,,,,,,,,,,,,,,,,,,,,,,,,,,,,,
,,,,,,,,,,,,,,,,,,,,,,,,,,,,,,,,
,,,,,,,,,,,,,,,,,,,,,,,,,,,,,,,,
,,,,,,,,,,,,,,,,,,,,,,,,,,,,,,,,
,,,,,,,,,,,,,,,,,,,,,,,,,,,,,,,,
,,,,,,,,,,,,,,,,,,,,,,,,,,,,,,,,
,,,,,,,,,,,,,,,,,,,,,,,,,,,,,,,,
,,,,,,,,,,,,,,,,,,,,,,,,,,,,,,,,
,,,,,,,,,,,,,,,,,,,,,,,,,,,,,,,,
,,,,,,,,,,,,,,,,,,,,,,,,,,,,,,,,
,,,,,,,,,,,,,,,,,,,,,,,,,,,,,,,,
,,,,,,,,,,,,,,,,,,,,,,,,,,,,,,,,
,,,,,,,,,,,,,,,,,,,,,,,,,,,,,,,,
,,,,,,,,,,,,,,,,,,,,,,,,,,,,,,,,
,,,,,,,,,,,,,,,,,,,,,,,,,,,,,,,,
,,,,,,,,,,,,,,,,,,,,,,,,,,,,,,,,
,,,,,,,,,,,,,,,,,,,,,,,,,,,,,,,,
,,,,,,,,,,,,,,,,,,,,,,,,,,,,,,,,
,,,,,,,,,,,,,,,,,,,,,,,,,,,,,,,,
,,,,,,,,,,,,,,,,,,,,,,,,,,,,,,,,
,,,,,,,,,,,,,,,,,,,,,,,,,,,,,,,,
,,,,,,,,,,,,,,,,,,,,,,,,,,,,,,,,
,,,,,,,,,,,,,,,,,,,,,,,,,,,,,,,,
,,,,,,,,,,,,,,,,,,,,,,,,,,,,,,,,
,,,,,,,,,,,,,,,,,,,,,,,,,,,,,,,,
,,,,,,,,,,,,,,,,,,,,,,,,,,,,,,,,
,,,,,,,,,,,,,,,,,,,,,,,,,,,,,,,,
,,,,,,,,,,,,,,,,,,,,,,,,,,,,,,,,
,,,,,,,,,,,,,,,,,,,,,,,,,,,,,,,,
,,,,,,,,,,,,,,,,,,,,,,,,,,,,,,,,
,,,,,,,,,,,,,,,,,,,,,,,,,,,,,,,,
,,,,,,,,,,,,,,,,,,,,,,,,,,,,,,,,
,,,,,,,,,,,,,,,,,,,,,,,,,,,,,,,,
,,,,,,,,,,,,,,,,,,,,,,,,,,,,,,,,
,,,,,,,,,,,,,,,,,,,,,,,,,,,,,,,,
,,,,,,,,,,,,,,,,,,,,,,,,,,,,,,,,
,,,,,,,,,,,,,,,,,,,,,,,,,,,,,,,,
,,,,,,,,,,,,,,,,,,,,,,,,,,,,,,,,
,,,,,,,,,,,,,,,,,,,,,,,,,,,,,,,,
,,,,,,,,,,,,,,,,,,,,,,,,,,,,,,,,
,,,,,,,,,,,,,,,,,,,,,,,,,,,,,,,,
,,,,,,,,,,,,,,,,,,,,,,,,,,,,,,,,
,,,,,,,,,,,,,,,,,,,,,,,,,,,,,,,,
,,,,,,,,,,,,,,,,,,,,,,,,,,,,,,,,
,,,,,,,,,,,,,,,,,,,,,,,,,,,,,,,,
,,,,,,,,,,,,,,,,,,,,,,,,,,,,,,,,
,,,,,,,,,,,,,,,,,,,,,,,,,,,,,,,,
,,,,,,,,,,,,,,,,,,,,,,,,,,,,,,,,
,,,,,,,,,,,,,,,,,,,,,,,,,,,,,,,,
,,,,,,,,,,,,,,,,,,,,,,,,,,,,,,,,
,,,,,,,,,,,,,,,,,,,,,,,,,,,,,,,,
,,,,,,,,,,,,,,,,,,,,,,,,,,,,,,,,
,,,,,,,,,,,,,,,,,,,,,,,,,,,,,,,,
,,,,,,,,,,,,,,,,,,,,,,,,,,,,,,,,
,,,,,,,,,,,,,,,,,,,,,,,,,,,,,,,,
,,,,,,,,,,,,,,,,,,,,,,,,,,,,,,,,
,,,,,,,,,,,,,,,,,,,,,,,,,,,,,,,,
,,,,,,,,,,,,,,,,,,,,,,,,,,,,,,,,
,,,,,,,,,,,,,,,,,,,,,,,,,,,,,,,,
,,,,,,,,,,,,,,,,,,,,,,,,,,,,,,,,
,,,,,,,,,,,,,,,,,,,,,,,,,,,,,,,,
,,,,,,,,,,,,,,,,,,,,,,,,,,,,,,,,
,,,,,,,,,,,,,,,,,,,,,,,,,,,,,,,,
,,,,,,,,,,,,,,,,,,,,,,,,,,,,,,,,
,,,,,,,,,,,,,,,,,,,,,,,,,,,,,,,,
,,,,,,,,,,,,,,,,,,,,,,,,,,,,,,,,
,,,,,,,,,,,,,,,,,,,,,,,,,,,,,,,,
,,,,,,,,,,,,,,,,,,,,,,,,,,,,,,,,
,,,,,,,,,,,,,,,,,,,,,,,,,,,,,,,,
,,,,,,,,,,,,,,,,,,,,,,,,,,,,,,,,
,,,,,,,,,,,,,,,,,,,,,,,,,,,,,,,,
,,,,,,,,,,,,,,,,,,,,,,,,,,,,,,,,
,,,,,,,,,,,,,,,,,,,,,,,,,,,,,,,,
,,,,,,,,,,,,,,,,,,,,,,,,,,,,,,,,
,,,,,,,,,,,,,,,,,,,,,,,,,,,,,,,,
,,,,,,,,,,,,,,,,,,,,,,,,,,,,,,,,
,,,,,,,,,,,,,,,,,,,,,,,,,,,,,,,,
,,,,,,,,,,,,,,,,,,,,,,,,,,,,,,,,
,,,,,,,,,,,,,,,,,,,,,,,,,,,,,,,,
,,,,,,,,,,,,,,,,,,,,,,,,,,,,,,,,
,,,,,,,,,,,,,,,,,,,,,,,,,,,,,,,,
,,,,,,,,,,,,,,,,,,,,,,,,,,,,,,,,
,,,,,,,,,,,,,,,,,,,,,,,,,,,,,,,,
,,,,,,,,,,,,,,,,,,,,,,,,,,,,,,,,
,,,,,,,,,,,,,,,,,,,,,,,,,,,,,,,,
,,,,,,,,,,,,,,,,,,,,,,,,,,,,,,,,
,,,,,,,,,,,,,,,,,,,,,,,,,,,,,,,,
,,,,,,,,,,,,,,,,,,,,,,,,,,,,,,,,
,,,,,,,,,,,,,,,,,,,,,,,,,,,,,,,,
,,,,,,,,,,,,,,,,,,,,,,,,,,,,,,,,
,,,,,,,,,,,,,,,,,,,,,,,,,,,,,,,,
,,,,,,,,,,,,,,,,,,,,,,,,,,,,,,,,
,,,,,,,,,,,,,,,,,,,,,,,,,,,,,,,,
,,,,,,,,,,,,,,,,,,,,,,,,,,,,,,,,
,,,,,,,,,,,,,,,,,,,,,,,,,,,,,,,,
,,,,,,,,,,,,,,,,,,,,,,,,,,,,,,,,
,,,,,,,,,,,,,,,,,,,,,,,,,,,,,,,,
,,,,,,,,,,,,,,,,,,,,,,,,,,,,,,,,
,,,,,,,,,,,,,,,,,,,,,,,,,,,,,,,,
,,,,,,,,,,,,,,,,,,,,,,,,,,,,,,,,
,,,,,,,,,,,,,,,,,,,,,,,,,,,,,,,,
,,,,,,,,,,,,,,,,,,,,,,,,,,,,,,,,
,,,,,,,,,,,,,,,,,,,,,,,,,,,,,,,,
,,,,,,,,,,,,,,,,,,,,,,,,,,,,,,,,
,,,,,,,,,,,,,,,,,,,,,,,,,,,,,,,,
,,,,,,,,,,,,,,,,,,,,,,,,,,,,,,,,
,,,,,,,,,,,,,,,,,,,,,,,,,,,,,,,,
,,,,,,,,,,,,,,,,,,,,,,,,,,,,,,,,
,,,,,,,,,,,,,,,,,,,,,,,,,,,,,,,,
,,,,,,,,,,,,,,,,,,,,,,,,,,,,,,,,
,,,,,,,,,,,,,,,,,,,,,,,,,,,,,,,,
,,,,,,,,,,,,,,,,,,,,,,,,,,,,,,,,
,,,,,,,,,,,,,,,,,,,,,,,,,,,,,,,,
,,,,,,,,,,,,,,,,,,,,,,,,,,,,,,,,
,,,,,,,,,,,,,,,,,,,,,,,,,,,,,,,,
,,,,,,,,,,,,,,,,,,,,,,,,,,,,,,,,
,,,,,,,,,,,,,,,,,,,,,,,,,,,,,,,,
,,,,,,,,,,,,,,,,,,,,,,,,,,,,,,,,
,,,,,,,,,,,,,,,,,,,,,,,,,,,,,,,,
,,,,,,,,,,,,,,,,,,,,,,,,,,,,,,,,
,,,,,,,,,,,,,,,,,,,,,,,,,,,,,,,,
,,,,,,,,,,,,,,,,,,,,,,,,,,,,,,,,
,,,,,,,,,,,,,,,,,,,,,,,,,,,,,,,,
,,,,,,,,,,,,,,,,,,,,,,,,,,,,,,,,
,,,,,,,,,,,,,,,,,,,,,,,,,,,,,,,,
,,,,,,,,,,,,,,,,,,,,,,,,,,,,,,,,
,,,,,,,,,,,,,,,,,,,,,,,,,,,,,,,,
,,,,,,,,,,,,,,,,,,,,,,,,,,,,,,,,
,,,,,,,,,,,,,,,,,,,,,,,,,,,,,,,,
,,,,,,,,,,,,,,,,,,,,,,,,,,,,,,,,
,,,,,,,,,,,,,,,,,,,,,,,,,,,,,,,,
,,,,,,,,,,,,,,,,,,,,,,,,,,,,,,,,
,,,,,,,,,,,,,,,,,,,,,,,,,,,,,,,,
,,,,,,,,,,,,,,,,,,,,,,,,,,,,,,,,
,,,,,,,,,,,,,,,,,,,,,,,,,,,,,,,,
,,,,,,,,,,,,,,,,,,,,,,,,,,,,,,,,
,,,,,,,,,,,,,,,,,,,,,,,,,,,,,,,,
,,,,,,,,,,,,,,,,,,,,,,,,,,,,,,,,
,,,,,,,,,,,,,,,,,,,,,,,,,,,,,,,,
,,,,,,,,,,,,,,,,,,,,,,,,,,,,,,,,
,,,,,,,,,,,,,,,,,,,,,,,,,,,,,,,,
,,,,,,,,,,,,,,,,,,,,,,,,,,,,,,,,
,,,,,,,,,,,,,,,,,,,,,,,,,,,,,,,,
,,,,,,,,,,,,,,,,,,,,,,,,,,,,,,,,
,,,,,,,,,,,,,,,,,,,,,,,,,,,,,,,,
,,,,,,,,,,,,,,,,,,,,,,,,,,,,,,,,
,,,,,,,,,,,,,,,,,,,,,,,,,,,,,,,,
,,,,,,,,,,,,,,,,,,,,,,,,,,,,,,,,
,,,,,,,,,,,,,,,,,,,,,,,,,,,,,,,,
,,,,,,,,,,,,,,,,,,,,,,,,,,,,,,,,
,,,,,,,,,,,,,,,,,,,,,,,,,,,,,,,,
,,,,,,,,,,,,,,,,,,,,,,,,,,,,,,,,
,,,,,,,,,,,,,,,,,,,,,,,,,,,,,,,,
,,,,,,,,,,,,,,,,,,,,,,,,,,,,,,,,
,,,,,,,,,,,,,,,,,,,,,,,,,,,,,,,,
,,,,,,,,,,,,,,,,,,,,,,,,,,,,,,,,
,,,,,,,,,,,,,,,,,,,,,,,,,,,,,,,,
,,,,,,,,,,,,,,,,,,,,,,,,,,,,,,,,
,,,,,,,,,,,,,,,,,,,,,,,,,,,,,,,,
,,,,,,,,,,,,,,,,,,,,,,,,,,,,,,,,
,,,,,,,,,,,,,,,,,,,,,,,,,,,,,,,,
,,,,,,,,,,,,,,,,,,,,,,,,,,,,,,,,
