TYPOLOGY,CONTINENT,COUNTRY,REGIONE 1,CITTÀ ,NAT-REG-LOC,SOSPECTED CAUSE,DECLARED CAUSE,DEMOCRACY INDEX,GOVERNMENT,DURATION IN DAYS,START DATE,FREEDOM INDEX ,STATUS,FONTI PRIMARIE,FONTI SECONDARIE,,,,,,,,,,
Not Technical,Asia,Syria,None,None,National,School Exams,School Exams,1.43,Authoritarian Regime,3,5/27/2018,14,Not Free,Access now ed Economist Intellicence Unit,,,,,,,,,,,
Not Technical,Asia,Syria,None,None,National,School Exams,School Exams,1.43,Authoritarian Regime,<1,8/1/2018,14,Not Free,Access now ed Economist Intellicence Unit,https://blogs.oracle.com/internetintelligence/last-month-in-internet-intelligence%3a-august-2018,,,,,,,,,,
Not Technical,Asia,Syria,None,None,National,School Exams,School Exams,1.43,Authoritarian Regime,4,8/5/2018,14,Not Free,Access now ed Economist Intellicence Unit,https://blogs.oracle.com/internetintelligence/last-month-in-internet-intelligence%3a-august-2018,,,,,,,,,,
Not Technical,Asia,Yemen,None,None,National,No Data,Political Instability,1.95,Authoritarian Regime,Unknown,6/1/2018,13,Not Free,Accessnow and Economist Intelligence Unit,https://www.thenational.ae/world/mena/houthis-cut-off-internet-to-80-per-cent-of-yemen-1.747535,,,,,,,,,,
Not Technical,Africa,DRC,Kivu,"Goma, Bukavu",Regional,Protest/Clashes,Public Safety,1.49,Authoritarian Regime,3,1/21/2018,13,Not Free,Access now ed Economist Intellicence Unit,,,,,,,,,,,
Not Technical,Africa,DRC,None,None,National,Protest/Clashes,Information Control,1.49,Authoritarian Regime,<1,2/25/2018,13,Not Free,Access now ed Economist Intellicence Unit,,,,,,,,,,,
Not Technical,Africa,DRC,None,None,National,Political Events,Information Control,1.49,Authoritarian Regime,20,12/31/2018,13,Not Free,Access now ed Economist Intellicence Unit,https://www.indexoncensorship.org/2019/02/habari-rdc-congo-internet-shutdown-disrupted-news/,,,,,,,,,,
Not Technical,Africa,Ethiopia,None,Addis Abeba,Local,Protest/Clashes,Protest/Clashes,3.35,Authoritarian Regime,2,9/17/2018,13,Not Free,freedom of the net 2018 and Economist Intelligence Unit,https://www.researchgate.net,,,,,,,,,,
Not Technical,Africa,Ethiopia,Somali,None,Regional,Political Instability,Nothing Declared,3.35,Authoritarian Regime,4,8/7/2018,13,Not Free,freedom of the net 2018 and Economist Intelligence Unit,https://qz.com/africa/1351277/ethiopia-internet-shutdown-in-eastern-somali-region/,,,,,,,,,,
Not Technical,Africa,Ethiopia,None,Addis Abeba,Local,Protest/Clashes,Public Safety,3.35,Authoritarian Regime,2,8/17/2018,13,Not Free,freedom of the net 2018 and Economist Intelligence Unit,https://cpj.org/2018/09/in-ethiopia-mobile-internet-cut-in-the-capital-ami.php,,,,,,,,,,
Not Technical,Africa,Ethiopia,Oromia,None,Regional,Protest/Clashes,Nothing Declared,3.35,Authoritarian Regime,14,3/20/2018,13,Not Free,freedom of the net 2018 and Economist Intelligence Unit,https://cipesa.org/2018/08/the-reforms-ethiopia-needs-to-advance-internet-freedom/,,,,,,,,,,
Not Technical,Africa,Ethiopia,None,None,National,Political Instability,Public Safety,3.35,Authoritarian Regime,Unknown,2/17/2018,13,Not Free,freedom of the net 2018 and Economist Intelligence Unit,https://www.researchgate.net,,,,,,,,,,
Not Technical,Africa,Ethiopia,None,Addis Abeba,Local,Protest/Clashes,Public Safety,3.35,Authoritarian Regime,<1,10/11/2018,13,Not Free,freedom of the net 2018 and Economist Intelligence Unit,https://www.researchgate.net,,,,,,,,,,
Not Technical,Africa,Algeria,None,None,National,School Exams,School Exams,3.5,Authoritarian Regime,5,6/20/2018,11,Not Free,https://www.theguardian.com/world/2018/jun/21/algeria-shuts-internet-prevent-cheating-school-exams,https://www.independent.co.uk/news/world/africa/algeria-iraq-shut-down-internet-students-cheating-exams-facebook-a8410341.html,,,,,,,,,,
Not Technical,Africa,Chad,None,None,National,Protest/Clashes,Public Safety  ,1.61,Authoritarian Regime,5,1/25/2018,13,Not Free,Access now ed Economist Intellicence Unit,,,,,,,,,,,
Not Technical,Africa,Chad,None,None,National,Protest/Clashes,Public Safety,1.61,Authoritarian Regime,2,1/29/2018,13,Not Free,Access now ed Economist Intellicence Unit,https://www.internetsociety.org/blog/2018/04/internet-shutdowns-cannot-solution-political-challenges-chad/,,,,,,,,,,
Not Technical,Africa,Chad,None,None,National,Protest/Clashes,Public Safety,1.61,Authoritarian Regime,Unknown,4/5/2018,13,Not Free,Access now ed Economist Intellicence Unit,https://www.internetsociety.org/blog/2018/04/internet-shutdowns-cannot-solution-political-challenges-chad/,,,,,,,,,,
Technical,Africa,Libya,None,None,Local,Damage To The Cable,Damage To The Cable,2.19,Authoritarian Regime,<1,6/18/2018,13,Not Free,freedom of the net 2018 and Economist Intelligence Unit,https://dyn.com/blog/last-month-in-internet-intelligence-june-2018/,,,,,,,,,,
Technical,Africa,Mauritania,None,None,National,Damage To The Cable,Damage To The Cable,3.82,Authoritarian Regime,5,3/31/2018,11,Not Free,Economist intelligence unit,https://blogs.oracle.com/internetintelligence/ace-submarine-cable-cut-impacts-ten-countries,,,,,,,,,,
Not Technical,Africa,Cameroon,Anglophone Region,None,Regional,Protest/Clashes,Public Safety,3.28,Authoritarian Regime,151,1/10/2017,12,Not Free,Access now ed Economist Intellicence Unit,https://techtribes.org/cameroon-shuts-down-the-internet-for-240-days/,,,,,,,,,,
Not Technical,Africa,Egypt,Sinai ,None,Regional,Military Operation,Nothing Declared,3.36,Authoritarian Regime,Unknown,Unknown,12,Not Free,freedom of the net 2018 and Economist Intelligence Unit,,,,,,,,,,,
Not Technical,Europa,Russia,Ingushetia,None,Regional,Protest/Clashes,Nothing Declared,2.94,Authoritarian Regime,14,10/31/2018,13,Not Free,freedom of the net 2018 and Economist Intelligence Unit,https://www.businessinsider.com/countries-internet-shutdown-statistics-2019-6,,,,,,,,,,
Not Technical,America,Nicaragua,"Managua, Juigalpa",None,Regional,Protest/Clashes,Nothing Declared,3.63,Authoritarian Regime,<1,7/19/2018,9,Partially Free,Access now ed Economist Intellicence Unit,https://netblocks.org,,,,,,,,,,
Not Technical,Asia,India,"Kashmir, Jammu",None,Regional,Protest/Clashes,Public Safety,7.23,Flawed Democracy,2,1/10/2018,5,Free,Access now ed Economist Intellicence Unit,,,,,,,,,,,
Not Technical,Asia,India,Rajasthan,Bundi,Local,Protest/Clashes,Public Safety,7.23,Flawed Democracy,2,1/2/2018,5,Free,Access now ed Economist Intellicence Unit,,,,,,,,,,,
Not Technical,Asia,India,"Kashmir, Jammu",None,Regional,Political Instability,Nothing Declared,7.23,Flawed Democracy,4,1/24/2018,5,Free,Access now ed Economist Intellicence Unit,,,,,,,,,,,
Not Technical,Asia,India,"Kashmir, Jammu",None,Regional,Protest/Clashes,Information Control,7.23,Flawed Democracy,1,1/25/2018,5,Free,Access now ed Economist Intellicence Unit,,,,,,,,,,,
Not Technical,Asia,India,Uttar Pradesh,None,Regional,Political Instability,Information Control,7.23,Flawed Democracy,1,1/27/2018,5,Free,Access now ed Economist Intellicence Unit,,,,,,,,,,,
Not Technical,Asia,India,"Kashmir, Jammu",None,Regional,Protest/Clashes,Public Safety,7.23,Flawed Democracy,Unknown,1/28/2018,5,Free,Access now ed Economist Intellicence Unit,,,,,,,,,,,
Not Technical,Asia,India,Maharashtra,Aurangabad,Local,Protest/Clashes,Public Safety,7.23,Flawed Democracy,<1,1/3/2018,5,Free,Access now ed Economist Intellicence Unit,,,,,,,,,,,
Not Technical,Asia,India,Maharashtra,Kolhapur,Local,Protest/Clashes,Information Control,7.23,Flawed Democracy,1,1/4/2018,5,Free,Access now ed Economist Intellicence Unit,,,,,,,,,,,
Not Technical,Asia,India,"Kashmir, Jammu",Budgam,Local,Political Instability,Information Control,7.23,Flawed Democracy,<1,1/8/2018,5,Free,Access now ed Economist Intellicence Unit,,,,,,,,,,,
Not Technical,Asia,India,"Kashmir, Jammu",South Kashmir,Local,Political Events,Nothing Declared,7.23,Flawed Democracy,1,10/10/2018,5,Free,https://internetshutdowns.in,https://www.indiatoday.in/india/jammu-and-kashmir/story/phase-2-of-municipal-polls-in-jammu-and-kashmir-advanced-by-an-hour-mobile-internet-suspended-in-parts-1359887-2018-10-10,,,,,,,,,,
Not Technical,Asia,India,"Kashmir, Jammu",Kupwara,Regional,Protest/Clashes,Nothing Declared,7.23,Flawed Democracy,4,10/11/2018,5,Free,https://internetshutdowns.in,,,,,,,,,,,
Not Technical,Asia,India,"Kashmir, Jammu",Srinagar,Regional,Protest/Clashes,Information Control,7.23,Flawed Democracy,1,10/17/2018,5,Free,https://internetshutdowns.in,,,,,,,,,,,
Not technical,Asia,India,Bihar,Sitamarhi,Local,Protest/Clashes,Information Control,7.23,Flawed Democracy,1,10/20/2018,5,Free,https://internetshutdowns.in,,,,,,,,,,,
Not Technical,Asia,India,"Kashmir, Jammu",Kulgam,Regional,Political instability,Information Control,7.23,Flawed Democracy,1,10/21/2018,5,Free,https://internetshutdowns.in,https://www.indiatoday.in/india/story/sitamarhi-madhuban-bihar-durga-puja-idol-immersion-clashes-sec-144-1371890-2018-10-20,,,,,,,,,,
Not Technical,Asia,India,"Kashmir, Jammu",Srinagar,Regional,Political Instability,Information Control,7.23,Flawed Democracy,1,10/24/2018,5,Free,https://internetshutdowns.in,,,,,,,,,,,
Not Technical,Asia,India,"Kashmir, Jammu",Baramulla,Regional,Protest/Clashes,Public Safety,7.23,Flawed Democracy,1,10/26/2018,5,Free,https://internetshutdowns.in,,,,,,,,,,,
Not Technical,Asia,India,"Kashmir, Jammu",Pulwama,Regional,Political Events,Political Events,7.23,Flawed Democracy,2,10/6/2018,5,Free,https://internetshutdowns.in,,,,,,,,,,,
Not Technical,Asia,India,"Kashmir, Jammu","Bagdam, Kishtwar",Regional,Protest/Clashes,Information Control,7.23,Flawed Democracy,1,11/1/2018,5,Free,https://internetshutdowns.in,,,,,,,,,,,
Not Technical,Asia,India,"Kashmir, Jammu",Pulwama,Regional,Protest/Clashes,Information Control,7.23,Flawed Democracy,1,11/10/2018,5,Free,https://internetshutdowns.in,,,,,,,,,,,
Not Technical,Asia,India,"Kashmir, Jammu",Shupiyan,Regional,Protest/Clashes,Information Control,7.23,Flawed Democracy,1,11/20/2018,5,Free,https://internetshutdowns.in,,,,,,,,,,,
Not Technical,Asia,India,"Kashmir, Jammu",Anantnag,Regional,Protest/Clashes,Information Control,7.23,Flawed Democracy,1,11/23/2018,5,Free,https://internetshutdowns.in,,,,,,,,,,,
Not Technical,Asia,India,"Kashmir, Jammu",Budgam,Regional,Protest/Clashes,Information Control,7.23,Flawed Democracy,1,11/27/2018,5,Free,https://internetshutdowns.in,,,,,,,,,,,
Not Technical,Asia,India,"Kashmir, Jammu",Shopian,Regional,Protest/Clashes,Information Control,7.23,Flawed Democracy,1,11/28/2018,5,Free,https://internetshutdowns.in,,,,,,,,,,,
Not Technical,Asia,India,"Kashmir, Jammu",Baramulla,Regional,Protest/Clashes,Information Control,7.23,Flawed Democracy,1,12/13/2018,5,Free,https://internetshutdowns.in,,,,,,,,,,,
Not Technical,Asia,India,"Kashmir, Jammu",Pulwama,Regional,Protest/Clashes,Information Control,7.23,Flawed Democracy,1,12/15/2018,5,Free,https://internetshutdowns.in,,,,,,,,,,,
Not Technical,Asia,India,"Kashmir, Jammu",Awantipora,Regional,Military Operation,Public Safety,7.23,Flawed Democracy,1,12/26/2018,5,Free,https://internetshutdowns.in,,,,,,,,,,,
Not Technical,Asia,India,"Kashmir, Jammu",None,Local,Protest/Clashes,Protest/Clashes,7.23,Flawed Democracy,1,12/3/2018,5,Free,https://internetshutdowns.in,,,,,,,,,,,
Not Technical,Asia,India,"Kashmir, Jammu",Mujgund,Regional,Protest/Clashes,Information Control,7.23,Flawed Democracy,1,12/8/2018,5,Free,https://internetshutdowns.in,,,,,,,,,,,
Not Technical,Asia,India,Rajasthan,None,Regional,School Exams,School Exams,7.23,Flawed Democracy,<1,2/11/2018,5,Free,Access now ed Economist Intellicence Unit,https://internetshutdowns.in,,,,,,,,,,
Not Technical,Asia,India,Uttar Pradesh,Firozabad,Local,Political Instability,Information Control,7.23,Flawed Democracy,<1,2/16/2018,5,Free,Access now ed Economist Intellicence Unit,,,,,,,,,,,
Not Technical,Asia,India,Rajasthan,Tonk,Local,Protest/Clashes,Public Safety,7.23,Flawed Democracy,1,2/18/2018,5,Free,Access now ed Economist Intellicence Unit,,,,,,,,,,,
Not Technical,Asia,India,"Kashmir, Jammu",Baramulla,Local,Military Operation,Protest/Clashes,7.23,Flawed Democracy,<1,2/3/2018,5,Free,Access now ed Economist Intellicence Unit,,,,,,,,,,,
Not Technical,Asia,India,"Kashmir, Jammu",Bandipora,Local,Political Instability,Information Control,7.23,Flawed Democracy,<1,3/1/2018,5,Free,Access now ed Economist Intellicence Unit,,,,,,,,,,,
Not Technical,Asia,India,Bihar,Bhagalpur,Local,Protest/Clashes,Public Safety,7.23,Flawed Democracy,Unknown,3/17/2018,5,Free,Access now ed Economist Intellicence Unit,,,,,,,,,,,
Not Technical,Asia,India,Rajasthan,Tonk,Local,Protest/Clashes,Public Safety,7.23,Flawed Democracy,1,3/18/2018,5,Free,Access now ed Economist Intellicence Unit,,,,,,,,,,,
Not Technical,Asia,India,"Kashmir, Jammu",None,Regional,Political Instability,Nothing Declared,7.23,Flawed Democracy,<1,3/24/2018,5,Free,Access now ed Economist Intellicence Unit,,,,,,,,,,,
Not Technical,Asia,India,Odisha,Bhadrak,Local,Celebration,Public Safety,7.23,Flawed Democracy,2,3/24/2018,5,Free,Access now ed Economist Intellicence Unit,,,,,,,,,,,
Not Technical,Asia,India,"Kashmir, Jammu",None,Regional,Political Instability,Public Safety,7.23,Flawed Democracy,1,3/25/2018,5,Free,Access now ed Economist Intellicence Unit,,,,,,,,,,,
Not Technical,Asia,India,Bihar,Aurangabad,Local,Protest/Clashes,Information Control,7.23,Flawed Democracy,1,3/26/2018,5,Free,Access now ed Economist Intellicence Unit,,,,,,,,,,,
Not Technical,Asia,India,West Bengal,Paschim Bardhaman,Local,Protest/Clashes,Information Control,7.23,Flawed Democracy,1,3/28/2018,5,Free,https://internetshutdowns.in,,,,,,,,,,,
Not Technical,Asia,India,Bihar,Samastipur,Local,Protest/Clashes,Information Control,7.23,Flawed Democracy,Unknown,3/29/2018,5,Free,Access now ed Economist Intellicence Unit,,,,,,,,,,,
Not Technical,Asia,India,Rajasthan,Bundi,Local,Celebration,Information Control,7.23,Flawed Democracy,Unknown,3/30/2018,5,Free,Access now ed Economist Intellicence Unit,,,,,,,,,,,
Not Technical,Asia,India,Bihar,Nawada,Local,Protest/Clashes,Public Safety,7.23,Flawed Democracy,Unknown,3/30/2018,5,Free,Access now ed Economist Intellicence Unit,,,,,,,,,,,
Not Technical,Asia,India,Rajasthan,Jaitaran,Local,Protest/Clashes,Public Safety,7.23,Flawed Democracy,2,3/31/2018,5,Free,Access now ed Economist Intellicence Unit,,,,,,,,,,,
Not Technical,Asia,India,"Kashmir, Jammu",None,Regional,Protest/Clashes,Information Control,7.23,Flawed Democracy,3,3/4/2018,5,Free,Access now ed Economist Intellicence Unit,,,,,,,,,,,
Not Technical,Asia,India,Uttar Pradesh,None,Regional,Protest/Clashes,Public Safety,7.23,Flawed Democracy,Unknown,3/4/2018,5,Free,Access now ed Economist Intellicence Unit,,,,,,,,,,,
Not Technical,Asia,India,"Kashmir, Jammu",Baramulla,Local,Protest/Clashes,Public Safety,7.23,Flawed Democracy,<1,3/8/2018,5,Free,Access now ed Economist Intellicence Unit,,,,,,,,,,,
Not Technical,Asia,India,"Kashmir, Jammu",None,Local,Political Instability,Information Control,7.23,Flawed Democracy,1,4/1/2018,5,Free,Access now ed Economist Intellicence Unit,,,,,,,,,,,
Not Technical,Asia,India,Punjab,None,Regional,Protest/Clashes,Public Safety,7.23,Flawed Democracy,<1,4/1/2018,5,Free,Access now ed Economist Intellicence Unit,,,,,,,,,,,
Not Technical,Asia,India,Uttar Pradesh,Saharanpur,Local,Protest/Clashes,Public Safety,7.23,Flawed Democracy,Unknown,4/10/2018,5,Free,Access now ed Economist Intellicence Unit,,,,,,,,,,,
Not Technical,Asia,India,Rajasthan,None,Regional,Protest/Clashes,Public Safety,7.23,Flawed Democracy,<1,4/10/2018,5,Free,Access now ed Economist Intellicence Unit,,,,,,,,,,,
Not Technical,Asia,India,"Kashmir, Jammu",None,Regional,Political Instability,Public Safety,7.23,Flawed Democracy,2,4/11/2018,5,Free,Access now ed Economist Intellicence Unit,,,,,,,,,,,
Not Technical,Asia,India,Punjab,None,Regional,Political Instability,Public Safety,7.23,Flawed Democracy,3,4/14/2018,5,Free,Access now ed Economist Intellicence Unit,,,,,,,,,,,
Not Technical,Asia,India,Rajasthan,Karauli,Local,Protest/Clashes,Public Safety,7.23,Flawed Democracy,<1,4/14/2018,5,Free,https://internetshutdowns.in,,,,,,,,,,,
Not Technical,Asia,India,Uttar Pradesh,Meerut,Local,Protest/Clashes,Information Control,7.23,Flawed Democracy,1,4/14/2018,5,Free,Access now ed Economist Intellicence Unit,,,,,,,,,,,
Not Technical,Asia,India,"Kashmir, Jammu",None,Regional,No Data,Information Control,7.23,Flawed Democracy,<1,4/17/2018,5,Free,Access now ed Economist Intellicence Unit,,,,,,,,,,,
Not Technical,Asia,India,"Rajasthan, Madhya Pradesh",None,Regional,Protest/Clashes,Public Safety,7.23,Flawed Democracy,2,4/2/2018,5,Free,Access now ed Economist Intellicence Unit,,,,,,,,,,,
Not Technical,Asia,India,"Kashmir, Jammu",Rajouri,Local,Protest/Clashes,Information Control,7.23,Flawed Democracy,<1,4/20/2018,5,Free,Access now ed Economist Intellicence Unit,,,,,,,,,,,
Not Technical,Asia,India,"Kashmir, Jammu",None,Regional,Protest/Clashes,Information Control,7.23,Flawed Democracy,<1,4/20/2018,5,Free,Access now ed Economist Intellicence Unit,,,,,,,,,,,
Not Technical,Asia,India,"Kashmir, Jammu",Pulwama,Local,Political Instability,Information Control,7.23,Flawed Democracy,Unknown,4/24/2018,5,Free,Access now ed Economist Intellicence Unit,,,,,,,,,,,
Not Technical,Asia,India,Punjab,None,Regional,Protest/Clashes,Public Safety,7.23,Flawed Democracy,1,4/29/2018,5,Free,Access now ed Economist Intellicence Unit,,,,,,,,,,,
Not Technical,Asia,India,"Kashmir, Jammu","Shupiyan, Pulwama, Kulgam, Anantnag, Ganderbal",Local,Political Instability,Public Safety,7.23,Flawed Democracy,5,4/3/2018,5,Free,Access now ed Economist Intellicence Unit,,,,,,,,,,,
Not Technical,Asia,India,Uttar Pradesh,None,Regional,Protest/Clashes,Information Control,7.23,Flawed Democracy,1,4/3/2018,5,Free,https://internetshutdowns.in,https://timesofindia.indiatimes.com/city/agra/-violence-rocks-west-up-dists-2-killed-over-500-held/articleshow/63586096.cms,,,,,,,,,,
Not Technical,Asia,India,"Kashmir, Jammu",None,Regional,Protest/Clashes,Information Control,7.23,Flawed Democracy,Unknown,4/30/2018,5,Free,Access now ed Economist Intellicence Unit,,,,,,,,,,,
Not Technical,Asia,India,Madhya Pradesh,"Gwalior, Bhind, Morena, Jabalpur",Local,Protest/Clashes,Public Safety,7.23,Flawed Democracy,1,4/9/2018,5,Free,Access now ed Economist Intellicence Unit,,,,,,,,,,,
Not Technical,Asia,India,Rajasthan,Jaipur,Local,Protest/Clashes,Information Control,7.23,Flawed Democracy,1,4/9/2018,5,Free,https://internetshutdowns.in,,,,,,,,,,,
Not Technical,Asia,India,"Kashmir, Jammu",Badgam,Local,Military Operation,Information Control,7.23,Flawed Democracy,Unknown,5/11/2018,5,Free,Access now ed Economist Intellicence Unit,,,,,,,,,,,
Not Technical,Asia,India,"Kashmir, Jammu",Pulwama,Local,Political Instability,Information Control,7.23,Flawed Democracy,Unknown,5/12/2018,5,Free,Access now ed Economist Intellicence Unit,,,,,,,,,,,
Not Technical,Asia,India,Haridwar,Hatshyampur,Local,Protest/Clashes,Public Safety,7.23,Flawed Democracy,Unknown,5/12/2018,5,Free,Access now ed Economist Intellicence Unit,,,,,,,,,,,
Not Technical,Asia,India,Maharashtra,Aurangabad,Local,Protest/Clashes,Public Safety,7.23,Flawed Democracy,<1,5/12/2018,5,Free,Access now ed Economist Intellicence Unit,,,,,,,,,,,
Not Technical,Asia,India,Uttarakhand,None,Regional,Protest/Clashes,Information Control,7.23,Flawed Democracy,Unknown,5/12/2018,5,Free,https://internetshutdowns.in,https://www.hindustantimes.com/dehradun/dalit-youth-killed-allegedly-over-use-of-canal-water-in-haridwar-village/story-1gDYcUM0u9AM3OmaGo2BIN.html,,,,,,,,,,
Not Technical,Asia,India,"Kashmir, Jammu",None,Regional,Political Events,Information Control,7.23,Flawed Democracy,<1,5/19/2018,5,Free,Access now ed Economist Intellicence Unit,,,,,,,,,,,
Not Technical,Asia,India,"Thoothukudi, Tirunelveli, Kanyakumari",None,Regional,Protest/Clashes,Public Safety,7.23,Flawed Democracy,<1,5/24/2018,5,Free,Access now ed Economist Intellicence Unit,,,,,,,,,,,
Not Technical,Asia,India,"Kashmir, Jammu",Pulwama,Local,Protest/Clashes,Public Safety,7.23,Flawed Democracy,Unknown,5/27/2018,5,Free,Access now ed Economist Intellicence Unit,,,,,,,,,,,
Not Technical,Asia,India,Uttar Pradesh,Aligarh,Local,Protest/Clashes,Public Safety,7.23,Flawed Democracy,Unknown,5/4/2018,5,Free,Access now ed Economist Intellicence Unit,,,,,,,,,,,
Not Technical,Asia,India,Uttar Pradesh,Saharanpur,Local,Protest/Clashes,Public Safety,7.23,Flawed Democracy,Unknown,5/9/2018,5,Free,Access now ed Economist Intellicence Unit,,,,,,,,,,,
Not Technical,Asia,India,Meghalaya,None,Regional,Protest/Clashes,Public Safety,7.23,Flawed Democracy,Unknown,6/1/2018,5,Free,Access now ed Economist Intellicence Unit,,,,,,,,,,,
Not Technical,Asia,India,"Kashmir, Jammu",Kulgam,Regional,Protest/Clashes,Information Control,7.23,Flawed Democracy,1,6/18/2018,5,Free,https://internetshutdowns.in,https://thekashmirpress.com/2018/06/18/mobile-internet-suspended-in-anantnag-kulgam/,,,,,,,,,,
Not Technical,Asia,India,"Kashmir, Jammu","Shopia, Pulwama, Anantang",Regional,Protest/Clashes,Public Safety,7.23,Flawed Democracy,1,6/25/2018,5,Free,https://internetshutdowns.in,,,,,,,,,,,
Not Technical,Asia,India,"Kashmir, Jammu",None,Regional,Protest/Clashes,Public Safety,7.23,Flawed Democracy,Unknown,6/6/2018,5,Free,Access now ed Economist Intellicence Unit,,,,,,,,,,,
Not Technical,Asia,India,Assam,Guwahati,Local,Protest/Clashes,Information Control,7.23,Flawed Democracy,<1,6/8/2018,5,Free,Access now ed Economist Intellicence Unit,,,,,,,,,,,
Not Technical,Asia,India,Meghalaya,None,Regional,Protest/Clashes,Information Control,7.23,Flawed Democracy,2,6/8/2018,5,Free,Access now ed Economist Intellicence Unit,,,,,,,,,,,
Not Technical,Asia,India,Kashmir,Kundlan,Regional,Protest/Clashes,Public Safety,7.23,Flawed Democracy,1,7/10/2018,5,Free,https://internetshutdowns.in,,,,,,,,,,,
Not Technical,Asia,India,"Kashmir, Jammu",Kupwara,Local,Protest/Clashes,Public Safety,7.23,Flawed Democracy,1,7/12/2018,5,Free,https://internetshutdowns.in/,,,,,,,,,,,
Not Technical,Asia,India,Rajasthan,None,Local,School Exams,School Exams,7.23,Flawed Democracy,2,7/14/2018,5,Free,https://internetshutdowns.in,https://kashmirlife.net/trehgam-killing-mobile-internet-services-suspended-in-north-kashmir-parts-180304/,,,,,,,,,,
Not Technical,Asia,India,Gujarat,"Morbi, Surendranagar",Regional,Political instability,Information Control,7.23,Flawed Democracy,4,7/14/2018,5,Free,https://internetshutdowns.in,,,,,,,,,,,
Not Technical,Asia,India,"Kashmir, Jammu","Anantnag, Kulgam",Regional,Protest/Clashes,Information Control,7.23,Flawed Democracy,<1,7/22/2018,5,Free,https://internetshutdowns.in,,,,,,,,,,,
Not Technical,Asia,India,Maharashtra,None,Local,Protest/Clashes,Information Control,7.23,Flawed Democracy,1,7/24/2018,5,Free,https://internetshutdowns.in,,,,,,,,,,,
Not Technical,Asia,India,"Kashmir, Jammu",Anantang,Regional,Protest/Clashes,Information Control,7.23,Flawed Democracy,1,7/25/2018,5,Free,https://internetshutdowns.in,,,,,,,,,,,
Not Technical,Asia,India,Maharashtra,Navi Mumbai,Regional,Information Control,Information Control,7.23,Flawed Democracy,1,7/26/2018,5,Free,https://internetshutdowns.in,,,,,,,,,,,
Not Technical,Asia,India,Kashmir,Kulgam,Regional,Protest/Clashes,Information Control,7.23,Flawed Democracy,1,7/7/2018,5,Free,https://internetshutdowns.in,,,,,,,,,,,
Not Technical,Asia,India,"Kashmir, Jammu",None,Local,Protest/Clashes,Protest/Clashes,7.23,Flawed Democracy,1,7/8/2018,5,Free,https://internetshutdowns.in,,,,,,,,,,,
Not Technical,Asia,India,Rajasthan,Tunk,Regional,Protest/Clashes,Information Control,7.23,Flawed Democracy,Unknown,8//2018,5,Free,https://internetshutdowns.in,,,,,,,,,,,
Not Technical,Asia,India,"Kashmir, Jammu",Srinagar,Regional,Protest/Clashes,Information Control,7.23,Flawed Democracy,<1,8/12/2018,5,Free,https://internetshutdowns.in,,,,,,,,,,,
Not Technical,Asia,India,"Kashmir, Jammu",None,Local,Protest/Clashes,Information Control,7.23,Flawed Democracy,<1,8/15/2018,5,Free,https://internetshutdowns.in,,,,,,,,,,,
Not Technical,Asia,India,"Kashmir, Jammu",Bandipora,Regional,Political Instability,Information Control,7.23,Flawed Democracy,1,8/17/2018,5,Free,https://internetshutdowns.in,,,,,,,,,,,
Not Technical,Asia,India,Uttarakhand,None,Regional,Protest/Clashes,Information Control,7.23,Flawed Democracy,1,8/18/2018,5,Free,https://internetshutdowns.in,https://www.indiatoday.in/india/story/minor-gangrape-murder-uttarkashi-uttarakhand-1317927-2018-08-18,,,,,,,,,,
Not Technical,Asia,India,"Kashmir, Jammu","Shupiyan, Anantnag",Regional,Protest/Clashes,Information Control,7.23,Flawed Democracy,<1,8/2/2018,5,Free,https://internetshutdowns.in,,,,,,,,,,,
Not Technical,Asia,India,Gujarat,Mahisagar,Regional,Political Events,Information Control,7.23,Flawed Democracy,1,8/21/2018,5,Free,https://internetshutdowns.in,,,,,,,,,,,
Not Technical,Asia,India,Rajasthan,Tonk,Local,Protest/Clashes,Public Safety,7.23,Flawed Democracy,1,8/23/2018,5,Free,https://internetshutdowns.in,https://www.financialexpress.com/india-news/rajasthans-tonk-tense-after-mob-attack-on-kanwariyas-sec-144-imposed-internet-services-suspended/1291114/,,,,,,,,,,
Not Technical,Asia,India,"Kashmir, Jammu",Anantang,Regional,Protest/Clashes,Information Control,7.23,Flawed Democracy,1,8/24/2018,5,Free,https://internetshutdowns.in,https://www.indiatvnews.com/news/india-jammu-kashmir-encounter-anantnag-kokernag-live-updates-gunbattle-casualties-security-forces-terrorists-internet-services-459490,,,,,,,,,,
Not Technical,Asia,India,Rajasthan,Udaipur,Regional,School Exams,School Exams,7.23,Flawed Democracy,<1,8/27/2018,5,Free,https://internetshutdowns.in,,,,,,,,,,,
Not Technical,Asia,India,Saharanpur,Uttar Pradesh,Regional,Protest/Clashes,Information Control,7.23,Flawed Democracy,<1,8/27/2018,5,Free,https://internetshutdowns.in,,,,,,,,,,,
Not Technical,Asia,India,"Kashmir, Jammu",Anantnag,Regional,Protest/Clashes,Information Control,7.23,Flawed Democracy,1,8/29/2018,5,Free,https://internetshutdowns.in,,,,,,,,,,,
Not Technical,Asia,India,Rajasthan,None,Local,School Exams,School Exams,7.23,Flawed Democracy,1,8/5/2018,5,Free,https://www.medianama.com/2019/08/223-jaipur-internet-suspended-rajasthan/,https://timesofindia.indiatimes.com/city/jaipur/rajasthan-public-service-commission-exam-mobile-internet-services-to-be-suspended-on-sunday-from-9am-to-1pm/articleshow/65273372.cms,,,,,,,,,,
Not Technical,Asia,India,Maharashtra,Pune,Regional,Protest/Clashes,Information Control,7.23,Flawed Democracy,1,8/9/2018,5,Free,https://internetshutdowns.in,,,,,,,,,,,
Not Technical,Asia,India,"Kashmir, Jammu",Kupwara,Regional,Military Operation,Information Control,7.23,Flawed Democracy,1,9/11/2018,5,Free,https://internetshutdowns.in,,,,,,,,,,,
Not Technical,Asia,India,"Kashmir, Jammu",Baramulla,Regional,Protest/Clashes,Information Control,7.23,Flawed Democracy,1,9/12/2018,5,Free,https://internetshutdowns.in,,,,,,,,,,,
Not Technical,Asia,India,"Kashmir, Jammu",Kulgam,Local,Protest/Clashes,Information Control,7.23,Flawed Democracy,1,9/15/2018,5,Free,https://internetshutdowns.in,,,,,,,,,,,
Not Technical,Asia,India,Rajasthan,"Banswara,Udaipur",Regional,Protest/Clashes,Information Control,7.23,Flawed Democracy,1,9/2/2018,5,Free,https://internetshutdowns.in,,,,,,,,,,,
Not Technical,Asia,India,"Kashmir, Jammu","Srinagar, Badgam, Anantnag",Regional,Protest/Clashes,Public Safety,7.23,Flawed Democracy,2,9/27/2018,5,Free,https://internetshutdowns.in,,,,,,,,,,,
Not Technical,Asia,India,Madhya Pradesh,Jabalpur,Regional,Protest/Clashes,Public Safety,7.23,Flawed Democracy,7,9/5/2018,5,Free,Access now ed Economist Intellicence Unit,https://internetshutdowns.in,,,,,,,,,,
Not Technical,Asia,India,"Kashmir, Jammu","Anantnag, Kulgam",Regional,Protest/Clashes,Information Control,7.23,Flawed Democracy,1,9/8/2018,5,Free,https://internetshutdowns.in,,,,,,,,,,,
Not Technical,Asia,Philippines,"Cavite, Manila",Manila,Local,Celebration,Public Safety,6.71,Flawed Democracy,<1,1/9/2018,6,Partially Free,Access now ed Economist Intellicence Unit,,,,,,,,,,,
Not Technical,Asia,Philippines,Western Visayas,"Aklan, Cebu",Regional,Celebration,Public Safety,6.71,Flawed Democracy,1,1/21/2018,6,Partially Free,Accessnow and Economist Intelligence Unit,http://www.interaksyon.com/infotek/2018/01/26/117929/internet-shutdowns-a-myth-of-security-and-public-safety/,,,,,,,,,,
Not Technical,Asia,Sri Lanka,None,None,National,Protest/Clashes,Information Control,6.19,Flawed Democracy,7,3/7/2018,7,Partially Free,Access now ed Economist Intellicence Unit,,,,,,,,,,,
Technical,Europa,Estonia,None,None,National,Server Down,Server Down,7.97,Flawed Democracy,<1,11/5/2018,2,Free,freedom of the net 2018 and Economist Intelligence Unit,https://www.estnoc.ee,,,,,,,,,,
Technical,Oceania,Micronesia,None,Guam,Regional,Natural Disaster,Natural Disaster,7.96,Flawed Democracy,<1,7/4/2018,1,Free,https://dyn.com/blog/last-month-in-internet-intelligence-july-2018/,,,,,,,,,,,
Technical,America,US,None,Wrightsville,Local,Natural Disaster,Natural Disaster,7.96,Flawed Democracy,2,9/15/2018,8,Partially Free,https://netblocks.org,,,,,,,,,,,
Not Technical,Asia,Indonesia,Bali,None,Regional,Celebration,Celebration,6.39,Flawed Democracy,1,3/17/2018,6,Partially Free,freedom of the net 2018 and Economist Intelligence Unit,https://www.internetsociety.org/blog/2018/03/short-term-internet-shutdown-bali-tied-holiday/,,,,,,,,,,
Not Technical,Asia,South Korea,Gangwon,Pyeongchang,Local,Sabotage,Sabotage,8,Full Democracy,<1,2/8/2018,4,Free,Access now ed Economist Intellicence Unit,,,,,,,,,,,
Technical,America,Canada,Alberta,Edmonton,Regional,Damage To The Cable,Damage To The Cable,9.15,Full democracy,<1,7/5/2018,2,Free,freedom of the net 2018 and Economist Intelligence Unit,https://globalnews.ca,,,,,,,,,,
Not Technical,Asia,Iraq,None,None,National,Political Events,Political Events,4.06,Hybrid Regime,<1,5/11/2018,11,Not Free,Access now ed Economist Intellicence Unit,,,,,,,,,,,
Not Technical,Asia,Iraq,None,None,National,School Exams,School Exams,4.06,Hybrid Regime,Unknown,5/31/2018,11,Not Free,Access now ed Economist Intellicence Unit,,,,,,,,,,,
Not Technical,Asia,Iraq,None,None,National,School Exams,School Exams,4.06,Hybrid Regime,<1,6/21/2018,11,Not Free,https://blogs.oracle.com/internetintelligence/last-month-in-internet-intelligence-june-2018,,,,,,,,,,,
Not Technical,Asia,Iraq,None,None,National,School Exams,School Exams,4.06,Hybrid Regime,<1,6/27/2018,11,Not Free,https://blogs.oracle.com/internetintelligence/last-month-in-internet-intelligence-june-2018,,,,,,,,,,,
Not Technical,Asia,Iraq,None,None,National,School Exams,School Exams,4.06,Hybrid Regime,<1,7/1/2018,11,Not Free,https://blogs.oracle.com/internetintelligence/last-month-in-internet-intelligence%3a-july-2018,,,,,,,,,,,
Not Technical,Asia,Iraq,None,None,National,School Exams,School Exams,4.06,Hybrid Regime,<1,7/7/2018,11,Not Free,https://blogs.oracle.com/internetintelligence/last-month-in-internet-intelligence%3a-july-2018,,,,,,,,,,,
Not Technical,Asia,Iraq,"Baghdad, Basra",None,Regional,Protest/Clashes,Nothing Declared,4.06,Hybrid Regime,2,7/14/2018,11,Not Free,https://netblocks.org/reports/study-shows-extent-of-iraq-internet-shutdown-and-social-media-restrictions-during-protests-zPyXjzAE,,,,,,,,,,,
Not Technical,Asia,Iraq,None,None,National,School Exams,School Exams,4.06,Hybrid Regime,<1,7/17/2018,11,Not Free,https://blogs.oracle.com/internetintelligence/last-month-in-internet-intelligence%3a-july-2018,,,,,,,,,,,
Not Technical,Asia,Iraq,None,None,National,School Exams,School Exams,4.06,Hybrid Regime,<1,9/4/2018,11,Not Free,https://www.accessnow.org/iraq-imposes-internet-curfew-for-school-exams-but-says-it-has-no-intention-to-cut-internet/,,,,,,,,,,,
Not Technical,Asia,Iraq,None,None,National,School Exams,School Exams,4.06,Hybrid Regime,<1,9/5/2018,11,Not Free,https://www.accessnow.org/iraq-imposes-internet-curfew-for-school-exams-but-says-it-has-no-intention-to-cut-internet/,,,,,,,,,,,
Not Technical,Asia,Iraq,None,None,National,School Exams,School Exams,4.06,Hybrid Regime,<1,10/14/2018,11,Not Free,https://blogs.oracle.com/internetintelligence/last-month-in-internet-intelligence%3a-october-2018,,,,,,,,,,,
Not Technical,Asia,Iraq,None,None,National,School Exams,School Exams,4.06,Hybrid Regime,<1,10/15/2018,11,Not Free,https://blogs.oracle.com/internetintelligence/last-month-in-internet-intelligence%3a-october-2018,,,,,,,,,,,
Not Technical,Asia,Iraq,None,None,National,School Exams,School Exams,4.06,Hybrid Regime,<1,10/16/2018,11,Not Free,https://blogs.oracle.com/internetintelligence/last-month-in-internet-intelligence%3a-october-2018,,,,,,,,,,,
Not Technical,Asia,Iraq,None,None,National,School Exams,School Exams,4.06,Hybrid Regime,<1,10/17/2018,11,Not Free,https://blogs.oracle.com/internetintelligence/last-month-in-internet-intelligence%3a-october-2018,,,,,,,,,,,
Not Technical,Asia,Iraq,None,None,National,School Exams,School Exams,4.06,Hybrid Regime,2,10/20/2018,11,Not Free,https://blogs.oracle.com/internetintelligence/last-month-in-internet-intelligence%3a-october-2018,,,,,,,,,,,
Not Technical,Asia,Iraq,"Baghdad, Basra, Kirkuk",None,Regional,Protest/Clashes,Information Control,4.06,Hybrid Regime,2,7/15/2018,11,Not Free,https://netblocks.org/reports/study-shows-extent-of-iraq-internet-shutdown-and-social-media-restrictions-during-protests-zPyXjzAE,,,,,,,,,,,
Not Technical,Asia,Iraq,Basra,None,Regional,Protest/Clashes,School Exams,4.06,Hybrid Regime,<1,9/2/2018,11,Not Free,freedom of the net 2018 and Economist Intelligence Unit,https://twitter.com/btayeg/status/1037643621690945536?ref_src=twsrc%5Etfw%7Ctwcamp%5Etweetembed%7Ctwterm%5E1051878233761861633&ref_url=https%3A%2F%2Fnetblocks.org%2Freports%2Firaq-shuts-down-internet-to-prevent-cheating-in-national-science-exams-gBLk94A4,,,,,,,,,,
Not Technical,Asia,Pakistan,None,None,National,No Data,Celebration,4.17,Hybrid Regime,1,9/6/2018,9,Partially Free,https://digitalrightsmonitor.pk,https://bytesforall.pk,,,,,,,,,,
Not Technical,Asia,Pakistan,None,None,National,No Data,Celebration,4.17,Hybrid Regime,3,9/19/2018,9,Partially Free,https://bytesforall.pk,,,,,,,,,,,
Not Technical,Asia,Pakistan,None,None,Local,Sabotage,Political Events,4.17,Hybrid Regime,10,7/21/2018,9,Partially Free,The diplomat,,,,,,,,,,,
Not Technical,Asia,Pakistan,Lahore,None,Regional,No Data,Military Operation,4.17,Hybrid Regime,1,7/13/2018,9,Partially Free,https://bytesforall.pk,,,,,,,,,,,
Not Technical,Asia,Pakistan,None,Islamabad,Local,No Data,Celebration,4.17,Hybrid Regime,1,3/23/2018,9,Partially Free,https://bytesforall.pk,,,,,,,,,,,
Not Technical,Asia,Pakistan,None,Islamabad,Local,Information control,Public Safety,4.17,Hybrid Regime,1,2/26/2018,9,Partially Free,Digital right foundation,,,,,,,,,,,
Not Technical,Asia,Pakistan,None,None,National,No Data,Celebration,4.17,Hybrid Regime,1,11/21/2018,9,Partially Free,https://bytesforall.pk,,,,,,,,,,,
Not Technical,Asia,Pakistan,None,"Islamabad, Lahore",Local,Protest/Clashes,Public Safety,4.17,Hybrid Regime,1,11/1/2018,9,Partially Free,freedom of the net 2018 and Economist Intelligence Unit,,,,,,,,,,,
Not Technical,Asia,Pakistan,None,None,Regional,Celebration,Public Safety,4.17,Hybrid Regime,2,10/30/2018,9,Partially Free,freedom of the net 2018 and Economist Intelligence Unit,,,,,,,,,,,
Not Technical,Asia,Pakistan,Pashustian,None,Regional,Protest/Clashes,Public Safety,4.17,Hybrid Regime,Unknown,10/28/2018,9,Partially Free,freedom of the net 2018 and Economist Intelligence Unit,,,,,,,,,,,
Not Technical,Asia,Bangladesh,None,Dhaka,Local,Protest/Clashes,Public Safety,5.57,Hybrid Regime,1,8/5/2018,8,Partially Free,freedom of the net 2018 and Economist Intelligence Unit,https://www.bbc.com/news/world-asia-45080129,,,,,,,,,,
Not Technical,Asia,Bangladesh,None,None,National,Political Events,Information Control,5.57,Hybrid Regime,1,12/29/2018,8,Partially Free,freedom of the net 2018 and Economist Intelligence Unit,https://www.aljazeera.com/news/2018/12/bangladesh-shuts-mobile-internet-lead-election-day-181229111353218.html,,,,,,,,,,
Not Technical,Asia,Bangladesh,None,None,National,School Exams,School Exams,5.57,Hybrid Regime,<1,2/11/2018,8,Partially Free,freedom of the net 2018 and Economist Intelligence Unit,http://www.dhakatribune.com/business/regulations/2018/02/12/govt-withdraws-internet-services/,,,,,,,,,,
Technical,Africa,Sierra Leone,None,None,National,Damage To The Cable,Damage To The Cable,4.66,Hybrid Regime,<1,4/1/2018,6,Partially Free,Access now ed Economist Intellicence Unit,https://dyn.com/blog/ace-submarine-cable-cut-impacts-ten-countries/,,,,,,,,,,
Technical,Africa,Sierra Leone,None,None,National,Damage To The Cable,Damage To The Cable,4.66,Hybrid Regime,2,11/8/2018,6,Partially Free,https://blogs.oracle.com/internetintelligence/last-month-in-internet-intelligence-november-2018,,,,,,,,,,,
Not Technical,Africa,Cote D'Ivoire,None,None,National,Sabotage,Sabotage,4.15,Hybrid Regime,2,4/30/2018,8,Partially Free,Access now ed Economist Intellicence Unit,,,,,,,,,,,
Not Technical,Africa,Sierra Leone,None,None,National,Information Control,Political Events,4.66,Hybrid Regime,1,3/31/2018,6,Partially Free,Access now ed Economist Intellicence Unit,https://www.africanews.com/2018/04/01/why-sierra-leone-temporarily-shutdown-internet-after-runoff-vote/,,,,,,,,,,
Not Technical,Africa,Mali,None,None,National,Protest/Clashes,Nothing Declared,5.41,Hybrid Regime,Unknown,6/4/2018,9,Partially Free,Access now ed Economist Intellicence Unit,,,,,,,,,,,
Not Technical,Africa,Mali,None,None,National,Political Events,Nothing Declared,5.41,Hybrid Regime,<1,8/16/2018,9,Partially Free,https://internetintel.oracle.com/blog-single.html?id=Last+Month+In+Internet+Intelligence:+August+2018,,,,,,,,,,,
Unknown,Asia,Buthan,None,None,National,No Data,No Data,5.3,Hybrid Regime,1,7/12/2018,5,Partially Free,https://dyn.com/blog/last-month-in-internet-intelligence-july-2018/,,,,,,,,,,,
Unknown,Asia,Buthan,None,None,National,No Data,No Data,5.3,Hybrid Regime,1,7/17/2018,5,Partially Free,https://dyn.com/blog/last-month-in-internet-intelligence-july-2018/,,,,,,,,,,,
Not Technical,Africa,Nigeria,None,None,Local,Information Control,Information Control,4.44,Hybrid regime,Unknown,2018,8,Partially Free,"Accessnow, Economist Intelligence Unit",https://www.accessnow.org/cms/assets/uploads/2019/06/KIO-Report-final.pdf,,,,,,,,,,
,,,,,,,,,,,,,,,,,,,,,,,,,
,,,,,,,,,,,,,,,,,,,,,,,,,
,,,,,,,,,,,,,,,,,,,,,,,,,
,,,,,,,,,,,,,,,,,,,,,,,,,
,,,,,,,,,,,,,,,,,,,,,,,,,
,,,,,,,,,,,,,,,,,,,,,,,,,
,,,,,,,,,,,,,,,,,,,,,,,,,
,,,,,,,,,,,,,,,,,,,,,,,,,
,,,,,,,,,,,,,,,,,,,,,,,,,
,,,,,,,,,,,,,,,,,,,,,,,,,
,,,,,,,,,,,,,,,,,,,,,,,,,
,,,,,,,,,,,,,,,,,,,,,,,,,
,,,,,,,,,,,,,,,,,,,,,,,,,
,,,,,,,,,,,,,,,,,,,,,,,,,
,,,,,,,,,,,,,,,,,,,,,,,,,
,,,,,,,,,,,,,,,,,,,,,,,,,
,,,,,,,,,,,,,,,,,,,,,,,,,
,,,,,,,,,,,,,,,,,,,,,,,,,
,,,,,,,,,,,,,,,,,,,,,,,,,
,,,,,,,,,,,,,,,,,,,,,,,,,
,,,,,,,,,,,,,,,,,,,,,,,,,
,,,,,,,,,,,,,,,,,,,,,,,,,
,,,,,,,,,,,,,,,,,,,,,,,,,
,,,,,,,,,,,,,,,,,,,,,,,,,
,,,,,,,,,,,,,,,,,,,,,,,,,
,,,,,,,,,,,,,,,,,,,,,,,,,
,,,,,,,,,,,,,,,,,,,,,,,,,
,,,,,,,,,,,,,,,,,,,,,,,,,
,,,,,,,,,,,,,,,,,,,,,,,,,
,,,,,,,,,,,,,,,,,,,,,,,,,
,,,,,,,,,,,,,,,,,,,,,,,,,
,,,,,,,,,,,,,,,,,,,,,,,,,
,,,,,,,,,,,,,,,,,,,,,,,,,
,,,,,,,,,,,,,,,,,,,,,,,,,
,,,,,,,,,,,,,,,,,,,,,,,,,
,,,,,,,,,,,,,,,,,,,,,,,,,
,,,,,,,,,,,,,,,,,,,,,,,,,
,,,,,,,,,,,,,,,,,,,,,,,,,
,,,,,,,,,,,,,,,,,,,,,,,,,
,,,,,,,,,,,,,,,,,,,,,,,,,
,,,,,,,,,,,,,,,,,,,,,,,,,
,,,,,,,,,,,,,,,,,,,,,,,,,
,,,,,,,,,,,,,,,,,,,,,,,,,
,,,,,,,,,,,,,,,,,,,,,,,,,
,,,,,,,,,,,,,,,,,,,,,,,,,
,,,,,,,,,,,,,,,,,,,,,,,,,
,,,,,,,,,,,,,,,,,,,,,,,,,
,,,,,,,,,,,,,,,,,,,,,,,,,
,,,,,,,,,,,,,,,,,,,,,,,,,
,,,,,,,,,,,,,,,,,,,,,,,,,
,,,,,,,,,,,,,,,,,,,,,,,,,
,,,,,,,,,,,,,,,,,,,,,,,,,
,,,,,,,,,,,,,,,,,,,,,,,,,
,,,,,,,,,,,,,,,,,,,,,,,,,
,,,,,,,,,,,,,,,,,,,,,,,,,
,,,,,,,,,,,,,,,,,,,,,,,,,
,,,,,,,,,,,,,,,,,,,,,,,,,
,,,,,,,,,,,,,,,,,,,,,,,,,
,,,,,,,,,,,,,,,,,,,,,,,,,
,,,,,,,,,,,,,,,,,,,,,,,,,
,,,,,,,,,,,,,,,,,,,,,,,,,
,,,,,,,,,,,,,,,,,,,,,,,,,
,,,,,,,,,,,,,,,,,,,,,,,,,
,,,,,,,,,,,,,,,,,,,,,,,,,
,,,,,,,,,,,,,,,,,,,,,,,,,
,,,,,,,,,,,,,,,,,,,,,,,,,
,,,,,,,,,,,,,,,,,,,,,,,,,
,,,,,,,,,,,,,,,,,,,,,,,,,
,,,,,,,,,,,,,,,,,,,,,,,,,
,,,,,,,,,,,,,,,,,,,,,,,,,
,,,,,,,,,,,,,,,,,,,,,,,,,
,,,,,,,,,,,,,,,,,,,,,,,,,
,,,,,,,,,,,,,,,,,,,,,,,,,
,,,,,,,,,,,,,,,,,,,,,,,,,
,,,,,,,,,,,,,,,,,,,,,,,,,
,,,,,,,,,,,,,,,,,,,,,,,,,
,,,,,,,,,,,,,,,,,,,,,,,,,
,,,,,,,,,,,,,,,,,,,,,,,,,
,,,,,,,,,,,,,,,,,,,,,,,,,
,,,,,,,,,,,,,,,,,,,,,,,,,
,,,,,,,,,,,,,,,,,,,,,,,,,
,,,,,,,,,,,,,,,,,,,,,,,,,
,,,,,,,,,,,,,,,,,,,,,,,,,
,,,,,,,,,,,,,,,,,,,,,,,,,
,,,,,,,,,,,,,,,,,,,,,,,,,
,,,,,,,,,,,,,,,,,,,,,,,,,
,,,,,,,,,,,,,,,,,,,,,,,,,
,,,,,,,,,,,,,,,,,,,,,,,,,
,,,,,,,,,,,,,,,,,,,,,,,,,
,,,,,,,,,,,,,,,,,,,,,,,,,
,,,,,,,,,,,,,,,,,,,,,,,,,
,,,,,,,,,,,,,,,,,,,,,,,,,
,,,,,,,,,,,,,,,,,,,,,,,,,
,,,,,,,,,,,,,,,,,,,,,,,,,
,,,,,,,,,,,,,,,,,,,,,,,,,
,,,,,,,,,,,,,,,,,,,,,,,,,
,,,,,,,,,,,,,,,,,,,,,,,,,
,,,,,,,,,,,,,,,,,,,,,,,,,
,,,,,,,,,,,,,,,,,,,,,,,,,
,,,,,,,,,,,,,,,,,,,,,,,,,
,,,,,,,,,,,,,,,,,,,,,,,,,
,,,,,,,,,,,,,,,,,,,,,,,,,
,,,,,,,,,,,,,,,,,,,,,,,,,
,,,,,,,,,,,,,,,,,,,,,,,,,
,,,,,,,,,,,,,,,,,,,,,,,,,
,,,,,,,,,,,,,,,,,,,,,,,,,
,,,,,,,,,,,,,,,,,,,,,,,,,
,,,,,,,,,,,,,,,,,,,,,,,,,
,,,,,,,,,,,,,,,,,,,,,,,,,
,,,,,,,,,,,,,,,,,,,,,,,,,
,,,,,,,,,,,,,,,,,,,,,,,,,
,,,,,,,,,,,,,,,,,,,,,,,,,
,,,,,,,,,,,,,,,,,,,,,,,,,
,,,,,,,,,,,,,,,,,,,,,,,,,
,,,,,,,,,,,,,,,,,,,,,,,,,
,,,,,,,,,,,,,,,,,,,,,,,,,
,,,,,,,,,,,,,,,,,,,,,,,,,
,,,,,,,,,,,,,,,,,,,,,,,,,
,,,,,,,,,,,,,,,,,,,,,,,,,
,,,,,,,,,,,,,,,,,,,,,,,,,
,,,,,,,,,,,,,,,,,,,,,,,,,
,,,,,,,,,,,,,,,,,,,,,,,,,
,,,,,,,,,,,,,,,,,,,,,,,,,
,,,,,,,,,,,,,,,,,,,,,,,,,
,,,,,,,,,,,,,,,,,,,,,,,,,
,,,,,,,,,,,,,,,,,,,,,,,,,
,,,,,,,,,,,,,,,,,,,,,,,,,
,,,,,,,,,,,,,,,,,,,,,,,,,
,,,,,,,,,,,,,,,,,,,,,,,,,
,,,,,,,,,,,,,,,,,,,,,,,,,
,,,,,,,,,,,,,,,,,,,,,,,,,
,,,,,,,,,,,,,,,,,,,,,,,,,
,,,,,,,,,,,,,,,,,,,,,,,,,
,,,,,,,,,,,,,,,,,,,,,,,,,
,,,,,,,,,,,,,,,,,,,,,,,,,
,,,,,,,,,,,,,,,,,,,,,,,,,
,,,,,,,,,,,,,,,,,,,,,,,,,
,,,,,,,,,,,,,,,,,,,,,,,,,
,,,,,,,,,,,,,,,,,,,,,,,,,
,,,,,,,,,,,,,,,,,,,,,,,,,
,,,,,,,,,,,,,,,,,,,,,,,,,
,,,,,,,,,,,,,,,,,,,,,,,,,
,,,,,,,,,,,,,,,,,,,,,,,,,
,,,,,,,,,,,,,,,,,,,,,,,,,
,,,,,,,,,,,,,,,,,,,,,,,,,
,,,,,,,,,,,,,,,,,,,,,,,,,
,,,,,,,,,,,,,,,,,,,,,,,,,
,,,,,,,,,,,,,,,,,,,,,,,,,
,,,,,,,,,,,,,,,,,,,,,,,,,
,,,,,,,,,,,,,,,,,,,,,,,,,
,,,,,,,,,,,,,,,,,,,,,,,,,
,,,,,,,,,,,,,,,,,,,,,,,,,
,,,,,,,,,,,,,,,,,,,,,,,,,
,,,,,,,,,,,,,,,,,,,,,,,,,
,,,,,,,,,,,,,,,,,,,,,,,,,
,,,,,,,,,,,,,,,,,,,,,,,,,
,,,,,,,,,,,,,,,,,,,,,,,,,
,,,,,,,,,,,,,,,,,,,,,,,,,
,,,,,,,,,,,,,,,,,,,,,,,,,
,,,,,,,,,,,,,,,,,,,,,,,,,
,,,,,,,,,,,,,,,,,,,,,,,,,
,,,,,,,,,,,,,,,,,,,,,,,,,
,,,,,,,,,,,,,,,,,,,,,,,,,
,,,,,,,,,,,,,,,,,,,,,,,,,
,,,,,,,,,,,,,,,,,,,,,,,,,
,,,,,,,,,,,,,,,,,,,,,,,,,
,,,,,,,,,,,,,,,,,,,,,,,,,
,,,,,,,,,,,,,,,,,,,,,,,,,
,,,,,,,,,,,,,,,,,,,,,,,,,
,,,,,,,,,,,,,,,,,,,,,,,,,
,,,,,,,,,,,,,,,,,,,,,,,,,
,,,,,,,,,,,,,,,,,,,,,,,,,
,,,,,,,,,,,,,,,,,,,,,,,,,
,,,,,,,,,,,,,,,,,,,,,,,,,
,,,,,,,,,,,,,,,,,,,,,,,,,
,,,,,,,,,,,,,,,,,,,,,,,,,
,,,,,,,,,,,,,,,,,,,,,,,,,
,,,,,,,,,,,,,,,,,,,,,,,,,
,,,,,,,,,,,,,,,,,,,,,,,,,
,,,,,,,,,,,,,,,,,,,,,,,,,
,,,,,,,,,,,,,,,,,,,,,,,,,
,,,,,,,,,,,,,,,,,,,,,,,,,
,,,,,,,,,,,,,,,,,,,,,,,,,
,,,,,,,,,,,,,,,,,,,,,,,,,
,,,,,,,,,,,,,,,,,,,,,,,,,
,,,,,,,,,,,,,,,,,,,,,,,,,
,,,,,,,,,,,,,,,,,,,,,,,,,
,,,,,,,,,,,,,,,,,,,,,,,,,
,,,,,,,,,,,,,,,,,,,,,,,,,
,,,,,,,,,,,,,,,,,,,,,,,,,
,,,,,,,,,,,,,,,,,,,,,,,,,
,,,,,,,,,,,,,,,,,,,,,,,,,
,,,,,,,,,,,,,,,,,,,,,,,,,
,,,,,,,,,,,,,,,,,,,,,,,,,
,,,,,,,,,,,,,,,,,,,,,,,,,
,,,,,,,,,,,,,,,,,,,,,,,,,
,,,,,,,,,,,,,,,,,,,,,,,,,
,,,,,,,,,,,,,,,,,,,,,,,,,
,,,,,,,,,,,,,,,,,,,,,,,,,
,,,,,,,,,,,,,,,,,,,,,,,,,
,,,,,,,,,,,,,,,,,,,,,,,,,
,,,,,,,,,,,,,,,,,,,,,,,,,
,,,,,,,,,,,,,,,,,,,,,,,,,
,,,,,,,,,,,,,,,,,,,,,,,,,
,,,,,,,,,,,,,,,,,,,,,,,,,
,,,,,,,,,,,,,,,,,,,,,,,,,
,,,,,,,,,,,,,,,,,,,,,,,,,
,,,,,,,,,,,,,,,,,,,,,,,,,
,,,,,,,,,,,,,,,,,,,,,,,,,
,,,,,,,,,,,,,,,,,,,,,,,,,
,,,,,,,,,,,,,,,,,,,,,,,,,
,,,,,,,,,,,,,,,,,,,,,,,,,
,,,,,,,,,,,,,,,,,,,,,,,,,
,,,,,,,,,,,,,,,,,,,,,,,,,
,,,,,,,,,,,,,,,,,,,,,,,,,
,,,,,,,,,,,,,,,,,,,,,,,,,
,,,,,,,,,,,,,,,,,,,,,,,,,
,,,,,,,,,,,,,,,,,,,,,,,,,
,,,,,,,,,,,,,,,,,,,,,,,,,
,,,,,,,,,,,,,,,,,,,,,,,,,
,,,,,,,,,,,,,,,,,,,,,,,,,
,,,,,,,,,,,,,,,,,,,,,,,,,
,,,,,,,,,,,,,,,,,,,,,,,,,
,,,,,,,,,,,,,,,,,,,,,,,,,
,,,,,,,,,,,,,,,,,,,,,,,,,
,,,,,,,,,,,,,,,,,,,,,,,,,
,,,,,,,,,,,,,,,,,,,,,,,,,
,,,,,,,,,,,,,,,,,,,,,,,,,
,,,,,,,,,,,,,,,,,,,,,,,,,
,,,,,,,,,,,,,,,,,,,,,,,,,
,,,,,,,,,,,,,,,,,,,,,,,,,
,,,,,,,,,,,,,,,,,,,,,,,,,
,,,,,,,,,,,,,,,,,,,,,,,,,
,,,,,,,,,,,,,,,,,,,,,,,,,
,,,,,,,,,,,,,,,,,,,,,,,,,
,,,,,,,,,,,,,,,,,,,,,,,,,
,,,,,,,,,,,,,,,,,,,,,,,,,
,,,,,,,,,,,,,,,,,,,,,,,,,
,,,,,,,,,,,,,,,,,,,,,,,,,
,,,,,,,,,,,,,,,,,,,,,,,,,
,,,,,,,,,,,,,,,,,,,,,,,,,
,,,,,,,,,,,,,,,,,,,,,,,,,
,,,,,,,,,,,,,,,,,,,,,,,,,
,,,,,,,,,,,,,,,,,,,,,,,,,
,,,,,,,,,,,,,,,,,,,,,,,,,
,,,,,,,,,,,,,,,,,,,,,,,,,
,,,,,,,,,,,,,,,,,,,,,,,,,
,,,,,,,,,,,,,,,,,,,,,,,,,
,,,,,,,,,,,,,,,,,,,,,,,,,
,,,,,,,,,,,,,,,,,,,,,,,,,
,,,,,,,,,,,,,,,,,,,,,,,,,
,,,,,,,,,,,,,,,,,,,,,,,,,
,,,,,,,,,,,,,,,,,,,,,,,,,
,,,,,,,,,,,,,,,,,,,,,,,,,
,,,,,,,,,,,,,,,,,,,,,,,,,
,,,,,,,,,,,,,,,,,,,,,,,,,
,,,,,,,,,,,,,,,,,,,,,,,,,
,,,,,,,,,,,,,,,,,,,,,,,,,
,,,,,,,,,,,,,,,,,,,,,,,,,
,,,,,,,,,,,,,,,,,,,,,,,,,
,,,,,,,,,,,,,,,,,,,,,,,,,
,,,,,,,,,,,,,,,,,,,,,,,,,
,,,,,,,,,,,,,,,,,,,,,,,,,
,,,,,,,,,,,,,,,,,,,,,,,,,
,,,,,,,,,,,,,,,,,,,,,,,,,
,,,,,,,,,,,,,,,,,,,,,,,,,
,,,,,,,,,,,,,,,,,,,,,,,,,
,,,,,,,,,,,,,,,,,,,,,,,,,
,,,,,,,,,,,,,,,,,,,,,,,,,
,,,,,,,,,,,,,,,,,,,,,,,,,
,,,,,,,,,,,,,,,,,,,,,,,,,
,,,,,,,,,,,,,,,,,,,,,,,,,
,,,,,,,,,,,,,,,,,,,,,,,,,
,,,,,,,,,,,,,,,,,,,,,,,,,
,,,,,,,,,,,,,,,,,,,,,,,,,
,,,,,,,,,,,,,,,,,,,,,,,,,
,,,,,,,,,,,,,,,,,,,,,,,,,
,,,,,,,,,,,,,,,,,,,,,,,,,
,,,,,,,,,,,,,,,,,,,,,,,,,
,,,,,,,,,,,,,,,,,,,,,,,,,
,,,,,,,,,,,,,,,,,,,,,,,,,
,,,,,,,,,,,,,,,,,,,,,,,,,
,,,,,,,,,,,,,,,,,,,,,,,,,
,,,,,,,,,,,,,,,,,,,,,,,,,
,,,,,,,,,,,,,,,,,,,,,,,,,
,,,,,,,,,,,,,,,,,,,,,,,,,
,,,,,,,,,,,,,,,,,,,,,,,,,
,,,,,,,,,,,,,,,,,,,,,,,,,
,,,,,,,,,,,,,,,,,,,,,,,,,
,,,,,,,,,,,,,,,,,,,,,,,,,
,,,,,,,,,,,,,,,,,,,,,,,,,
,,,,,,,,,,,,,,,,,,,,,,,,,
,,,,,,,,,,,,,,,,,,,,,,,,,
,,,,,,,,,,,,,,,,,,,,,,,,,
,,,,,,,,,,,,,,,,,,,,,,,,,
,,,,,,,,,,,,,,,,,,,,,,,,,
,,,,,,,,,,,,,,,,,,,,,,,,,
,,,,,,,,,,,,,,,,,,,,,,,,,
,,,,,,,,,,,,,,,,,,,,,,,,,
,,,,,,,,,,,,,,,,,,,,,,,,,
,,,,,,,,,,,,,,,,,,,,,,,,,
,,,,,,,,,,,,,,,,,,,,,,,,,
,,,,,,,,,,,,,,,,,,,,,,,,,
,,,,,,,,,,,,,,,,,,,,,,,,,
,,,,,,,,,,,,,,,,,,,,,,,,,
,,,,,,,,,,,,,,,,,,,,,,,,,
,,,,,,,,,,,,,,,,,,,,,,,,,
,,,,,,,,,,,,,,,,,,,,,,,,,
,,,,,,,,,,,,,,,,,,,,,,,,,
,,,,,,,,,,,,,,,,,,,,,,,,,
,,,,,,,,,,,,,,,,,,,,,,,,,
,,,,,,,,,,,,,,,,,,,,,,,,,
,,,,,,,,,,,,,,,,,,,,,,,,,
,,,,,,,,,,,,,,,,,,,,,,,,,
,,,,,,,,,,,,,,,,,,,,,,,,,
,,,,,,,,,,,,,,,,,,,,,,,,,
,,,,,,,,,,,,,,,,,,,,,,,,,
,,,,,,,,,,,,,,,,,,,,,,,,,
,,,,,,,,,,,,,,,,,,,,,,,,,
,,,,,,,,,,,,,,,,,,,,,,,,,
,,,,,,,,,,,,,,,,,,,,,,,,,
,,,,,,,,,,,,,,,,,,,,,,,,,
,,,,,,,,,,,,,,,,,,,,,,,,,
,,,,,,,,,,,,,,,,,,,,,,,,,
,,,,,,,,,,,,,,,,,,,,,,,,,
,,,,,,,,,,,,,,,,,,,,,,,,,
,,,,,,,,,,,,,,,,,,,,,,,,,
,,,,,,,,,,,,,,,,,,,,,,,,,
,,,,,,,,,,,,,,,,,,,,,,,,,
,,,,,,,,,,,,,,,,,,,,,,,,,
,,,,,,,,,,,,,,,,,,,,,,,,,
,,,,,,,,,,,,,,,,,,,,,,,,,
,,,,,,,,,,,,,,,,,,,,,,,,,
,,,,,,,,,,,,,,,,,,,,,,,,,
,,,,,,,,,,,,,,,,,,,,,,,,,
,,,,,,,,,,,,,,,,,,,,,,,,,
,,,,,,,,,,,,,,,,,,,,,,,,,
,,,,,,,,,,,,,,,,,,,,,,,,,
,,,,,,,,,,,,,,,,,,,,,,,,,
,,,,,,,,,,,,,,,,,,,,,,,,,
,,,,,,,,,,,,,,,,,,,,,,,,,
,,,,,,,,,,,,,,,,,,,,,,,,,
,,,,,,,,,,,,,,,,,,,,,,,,,
,,,,,,,,,,,,,,,,,,,,,,,,,
,,,,,,,,,,,,,,,,,,,,,,,,,
,,,,,,,,,,,,,,,,,,,,,,,,,
,,,,,,,,,,,,,,,,,,,,,,,,,
,,,,,,,,,,,,,,,,,,,,,,,,,
,,,,,,,,,,,,,,,,,,,,,,,,,
,,,,,,,,,,,,,,,,,,,,,,,,,
,,,,,,,,,,,,,,,,,,,,,,,,,
,,,,,,,,,,,,,,,,,,,,,,,,,
,,,,,,,,,,,,,,,,,,,,,,,,,
,,,,,,,,,,,,,,,,,,,,,,,,,
,,,,,,,,,,,,,,,,,,,,,,,,,
,,,,,,,,,,,,,,,,,,,,,,,,,
,,,,,,,,,,,,,,,,,,,,,,,,,
,,,,,,,,,,,,,,,,,,,,,,,,,
,,,,,,,,,,,,,,,,,,,,,,,,,
,,,,,,,,,,,,,,,,,,,,,,,,,
,,,,,,,,,,,,,,,,,,,,,,,,,
,,,,,,,,,,,,,,,,,,,,,,,,,
,,,,,,,,,,,,,,,,,,,,,,,,,
,,,,,,,,,,,,,,,,,,,,,,,,,
,,,,,,,,,,,,,,,,,,,,,,,,,
,,,,,,,,,,,,,,,,,,,,,,,,,
,,,,,,,,,,,,,,,,,,,,,,,,,
,,,,,,,,,,,,,,,,,,,,,,,,,
,,,,,,,,,,,,,,,,,,,,,,,,,
,,,,,,,,,,,,,,,,,,,,,,,,,
,,,,,,,,,,,,,,,,,,,,,,,,,
,,,,,,,,,,,,,,,,,,,,,,,,,
,,,,,,,,,,,,,,,,,,,,,,,,,
,,,,,,,,,,,,,,,,,,,,,,,,,
,,,,,,,,,,,,,,,,,,,,,,,,,
,,,,,,,,,,,,,,,,,,,,,,,,,
,,,,,,,,,,,,,,,,,,,,,,,,,
,,,,,,,,,,,,,,,,,,,,,,,,,
,,,,,,,,,,,,,,,,,,,,,,,,,
,,,,,,,,,,,,,,,,,,,,,,,,,
,,,,,,,,,,,,,,,,,,,,,,,,,
,,,,,,,,,,,,,,,,,,,,,,,,,
,,,,,,,,,,,,,,,,,,,,,,,,,
,,,,,,,,,,,,,,,,,,,,,,,,,
,,,,,,,,,,,,,,,,,,,,,,,,,
,,,,,,,,,,,,,,,,,,,,,,,,,
,,,,,,,,,,,,,,,,,,,,,,,,,
,,,,,,,,,,,,,,,,,,,,,,,,,
,,,,,,,,,,,,,,,,,,,,,,,,,
,,,,,,,,,,,,,,,,,,,,,,,,,
,,,,,,,,,,,,,,,,,,,,,,,,,
,,,,,,,,,,,,,,,,,,,,,,,,,
,,,,,,,,,,,,,,,,,,,,,,,,,
,,,,,,,,,,,,,,,,,,,,,,,,,
,,,,,,,,,,,,,,,,,,,,,,,,,
,,,,,,,,,,,,,,,,,,,,,,,,,
,,,,,,,,,,,,,,,,,,,,,,,,,
,,,,,,,,,,,,,,,,,,,,,,,,,
,,,,,,,,,,,,,,,,,,,,,,,,,
,,,,,,,,,,,,,,,,,,,,,,,,,
,,,,,,,,,,,,,,,,,,,,,,,,,
,,,,,,,,,,,,,,,,,,,,,,,,,
,,,,,,,,,,,,,,,,,,,,,,,,,
,,,,,,,,,,,,,,,,,,,,,,,,,
,,,,,,,,,,,,,,,,,,,,,,,,,
,,,,,,,,,,,,,,,,,,,,,,,,,
,,,,,,,,,,,,,,,,,,,,,,,,,
,,,,,,,,,,,,,,,,,,,,,,,,,
,,,,,,,,,,,,,,,,,,,,,,,,,
,,,,,,,,,,,,,,,,,,,,,,,,,
,,,,,,,,,,,,,,,,,,,,,,,,,
,,,,,,,,,,,,,,,,,,,,,,,,,
,,,,,,,,,,,,,,,,,,,,,,,,,
,,,,,,,,,,,,,,,,,,,,,,,,,
,,,,,,,,,,,,,,,,,,,,,,,,,
,,,,,,,,,,,,,,,,,,,,,,,,,
,,,,,,,,,,,,,,,,,,,,,,,,,
,,,,,,,,,,,,,,,,,,,,,,,,,
,,,,,,,,,,,,,,,,,,,,,,,,,
,,,,,,,,,,,,,,,,,,,,,,,,,
,,,,,,,,,,,,,,,,,,,,,,,,,
,,,,,,,,,,,,,,,,,,,,,,,,,
,,,,,,,,,,,,,,,,,,,,,,,,,
,,,,,,,,,,,,,,,,,,,,,,,,,
,,,,,,,,,,,,,,,,,,,,,,,,,
,,,,,,,,,,,,,,,,,,,,,,,,,
,,,,,,,,,,,,,,,,,,,,,,,,,
,,,,,,,,,,,,,,,,,,,,,,,,,
,,,,,,,,,,,,,,,,,,,,,,,,,
,,,,,,,,,,,,,,,,,,,,,,,,,
,,,,,,,,,,,,,,,,,,,,,,,,,
,,,,,,,,,,,,,,,,,,,,,,,,,
,,,,,,,,,,,,,,,,,,,,,,,,,
,,,,,,,,,,,,,,,,,,,,,,,,,
,,,,,,,,,,,,,,,,,,,,,,,,,
,,,,,,,,,,,,,,,,,,,,,,,,,
,,,,,,,,,,,,,,,,,,,,,,,,,
,,,,,,,,,,,,,,,,,,,,,,,,,
,,,,,,,,,,,,,,,,,,,,,,,,,
,,,,,,,,,,,,,,,,,,,,,,,,,
,,,,,,,,,,,,,,,,,,,,,,,,,
,,,,,,,,,,,,,,,,,,,,,,,,,
,,,,,,,,,,,,,,,,,,,,,,,,,
,,,,,,,,,,,,,,,,,,,,,,,,,
,,,,,,,,,,,,,,,,,,,,,,,,,
,,,,,,,,,,,,,,,,,,,,,,,,,
,,,,,,,,,,,,,,,,,,,,,,,,,
,,,,,,,,,,,,,,,,,,,,,,,,,
,,,,,,,,,,,,,,,,,,,,,,,,,
,,,,,,,,,,,,,,,,,,,,,,,,,
,,,,,,,,,,,,,,,,,,,,,,,,,
,,,,,,,,,,,,,,,,,,,,,,,,,
,,,,,,,,,,,,,,,,,,,,,,,,,
,,,,,,,,,,,,,,,,,,,,,,,,,
,,,,,,,,,,,,,,,,,,,,,,,,,
,,,,,,,,,,,,,,,,,,,,,,,,,
,,,,,,,,,,,,,,,,,,,,,,,,,
,,,,,,,,,,,,,,,,,,,,,,,,,
,,,,,,,,,,,,,,,,,,,,,,,,,
,,,,,,,,,,,,,,,,,,,,,,,,,
,,,,,,,,,,,,,,,,,,,,,,,,,
,,,,,,,,,,,,,,,,,,,,,,,,,
,,,,,,,,,,,,,,,,,,,,,,,,,
,,,,,,,,,,,,,,,,,,,,,,,,,
,,,,,,,,,,,,,,,,,,,,,,,,,
,,,,,,,,,,,,,,,,,,,,,,,,,
,,,,,,,,,,,,,,,,,,,,,,,,,
,,,,,,,,,,,,,,,,,,,,,,,,,
,,,,,,,,,,,,,,,,,,,,,,,,,
,,,,,,,,,,,,,,,,,,,,,,,,,
,,,,,,,,,,,,,,,,,,,,,,,,,
,,,,,,,,,,,,,,,,,,,,,,,,,
,,,,,,,,,,,,,,,,,,,,,,,,,
,,,,,,,,,,,,,,,,,,,,,,,,,
,,,,,,,,,,,,,,,,,,,,,,,,,
,,,,,,,,,,,,,,,,,,,,,,,,,
,,,,,,,,,,,,,,,,,,,,,,,,,
,,,,,,,,,,,,,,,,,,,,,,,,,
,,,,,,,,,,,,,,,,,,,,,,,,,
,,,,,,,,,,,,,,,,,,,,,,,,,
,,,,,,,,,,,,,,,,,,,,,,,,,
,,,,,,,,,,,,,,,,,,,,,,,,,
,,,,,,,,,,,,,,,,,,,,,,,,,
,,,,,,,,,,,,,,,,,,,,,,,,,
,,,,,,,,,,,,,,,,,,,,,,,,,
,,,,,,,,,,,,,,,,,,,,,,,,,
,,,,,,,,,,,,,,,,,,,,,,,,,
,,,,,,,,,,,,,,,,,,,,,,,,,
,,,,,,,,,,,,,,,,,,,,,,,,,
,,,,,,,,,,,,,,,,,,,,,,,,,
,,,,,,,,,,,,,,,,,,,,,,,,,
,,,,,,,,,,,,,,,,,,,,,,,,,
,,,,,,,,,,,,,,,,,,,,,,,,,
,,,,,,,,,,,,,,,,,,,,,,,,,
,,,,,,,,,,,,,,,,,,,,,,,,,
,,,,,,,,,,,,,,,,,,,,,,,,,
,,,,,,,,,,,,,,,,,,,,,,,,,
,,,,,,,,,,,,,,,,,,,,,,,,,
,,,,,,,,,,,,,,,,,,,,,,,,,
,,,,,,,,,,,,,,,,,,,,,,,,,
,,,,,,,,,,,,,,,,,,,,,,,,,
,,,,,,,,,,,,,,,,,,,,,,,,,
,,,,,,,,,,,,,,,,,,,,,,,,,
,,,,,,,,,,,,,,,,,,,,,,,,,
,,,,,,,,,,,,,,,,,,,,,,,,,
,,,,,,,,,,,,,,,,,,,,,,,,,
,,,,,,,,,,,,,,,,,,,,,,,,,
,,,,,,,,,,,,,,,,,,,,,,,,,
,,,,,,,,,,,,,,,,,,,,,,,,,
,,,,,,,,,,,,,,,,,,,,,,,,,
,,,,,,,,,,,,,,,,,,,,,,,,,
,,,,,,,,,,,,,,,,,,,,,,,,,
,,,,,,,,,,,,,,,,,,,,,,,,,
,,,,,,,,,,,,,,,,,,,,,,,,,
,,,,,,,,,,,,,,,,,,,,,,,,,
,,,,,,,,,,,,,,,,,,,,,,,,,
,,,,,,,,,,,,,,,,,,,,,,,,,
,,,,,,,,,,,,,,,,,,,,,,,,,
,,,,,,,,,,,,,,,,,,,,,,,,,
,,,,,,,,,,,,,,,,,,,,,,,,,
,,,,,,,,,,,,,,,,,,,,,,,,,
,,,,,,,,,,,,,,,,,,,,,,,,,
,,,,,,,,,,,,,,,,,,,,,,,,,
,,,,,,,,,,,,,,,,,,,,,,,,,
,,,,,,,,,,,,,,,,,,,,,,,,,
,,,,,,,,,,,,,,,,,,,,,,,,,
,,,,,,,,,,,,,,,,,,,,,,,,,
,,,,,,,,,,,,,,,,,,,,,,,,,
,,,,,,,,,,,,,,,,,,,,,,,,,
,,,,,,,,,,,,,,,,,,,,,,,,,
,,,,,,,,,,,,,,,,,,,,,,,,,
,,,,,,,,,,,,,,,,,,,,,,,,,
,,,,,,,,,,,,,,,,,,,,,,,,,
,,,,,,,,,,,,,,,,,,,,,,,,,
,,,,,,,,,,,,,,,,,,,,,,,,,
,,,,,,,,,,,,,,,,,,,,,,,,,
,,,,,,,,,,,,,,,,,,,,,,,,,
,,,,,,,,,,,,,,,,,,,,,,,,,
,,,,,,,,,,,,,,,,,,,,,,,,,
,,,,,,,,,,,,,,,,,,,,,,,,,
,,,,,,,,,,,,,,,,,,,,,,,,,
,,,,,,,,,,,,,,,,,,,,,,,,,
,,,,,,,,,,,,,,,,,,,,,,,,,
,,,,,,,,,,,,,,,,,,,,,,,,,
,,,,,,,,,,,,,,,,,,,,,,,,,
,,,,,,,,,,,,,,,,,,,,,,,,,
,,,,,,,,,,,,,,,,,,,,,,,,,
,,,,,,,,,,,,,,,,,,,,,,,,,
,,,,,,,,,,,,,,,,,,,,,,,,,
,,,,,,,,,,,,,,,,,,,,,,,,,
,,,,,,,,,,,,,,,,,,,,,,,,,
,,,,,,,,,,,,,,,,,,,,,,,,,
,,,,,,,,,,,,,,,,,,,,,,,,,
,,,,,,,,,,,,,,,,,,,,,,,,,
,,,,,,,,,,,,,,,,,,,,,,,,,
,,,,,,,,,,,,,,,,,,,,,,,,,
,,,,,,,,,,,,,,,,,,,,,,,,,
,,,,,,,,,,,,,,,,,,,,,,,,,
,,,,,,,,,,,,,,,,,,,,,,,,,
,,,,,,,,,,,,,,,,,,,,,,,,,
,,,,,,,,,,,,,,,,,,,,,,,,,
,,,,,,,,,,,,,,,,,,,,,,,,,
,,,,,,,,,,,,,,,,,,,,,,,,,
,,,,,,,,,,,,,,,,,,,,,,,,,
,,,,,,,,,,,,,,,,,,,,,,,,,
,,,,,,,,,,,,,,,,,,,,,,,,,
,,,,,,,,,,,,,,,,,,,,,,,,,
,,,,,,,,,,,,,,,,,,,,,,,,,
,,,,,,,,,,,,,,,,,,,,,,,,,
,,,,,,,,,,,,,,,,,,,,,,,,,
,,,,,,,,,,,,,,,,,,,,,,,,,
,,,,,,,,,,,,,,,,,,,,,,,,,
,,,,,,,,,,,,,,,,,,,,,,,,,
,,,,,,,,,,,,,,,,,,,,,,,,,
,,,,,,,,,,,,,,,,,,,,,,,,,
,,,,,,,,,,,,,,,,,,,,,,,,,
,,,,,,,,,,,,,,,,,,,,,,,,,
,,,,,,,,,,,,,,,,,,,,,,,,,
,,,,,,,,,,,,,,,,,,,,,,,,,
,,,,,,,,,,,,,,,,,,,,,,,,,
,,,,,,,,,,,,,,,,,,,,,,,,,
,,,,,,,,,,,,,,,,,,,,,,,,,
,,,,,,,,,,,,,,,,,,,,,,,,,
,,,,,,,,,,,,,,,,,,,,,,,,,
,,,,,,,,,,,,,,,,,,,,,,,,,
,,,,,,,,,,,,,,,,,,,,,,,,,
,,,,,,,,,,,,,,,,,,,,,,,,,
,,,,,,,,,,,,,,,,,,,,,,,,,
,,,,,,,,,,,,,,,,,,,,,,,,,
,,,,,,,,,,,,,,,,,,,,,,,,,
,,,,,,,,,,,,,,,,,,,,,,,,,
,,,,,,,,,,,,,,,,,,,,,,,,,
,,,,,,,,,,,,,,,,,,,,,,,,,
,,,,,,,,,,,,,,,,,,,,,,,,,
,,,,,,,,,,,,,,,,,,,,,,,,,
,,,,,,,,,,,,,,,,,,,,,,,,,
,,,,,,,,,,,,,,,,,,,,,,,,,
,,,,,,,,,,,,,,,,,,,,,,,,,
,,,,,,,,,,,,,,,,,,,,,,,,,
,,,,,,,,,,,,,,,,,,,,,,,,,
,,,,,,,,,,,,,,,,,,,,,,,,,
,,,,,,,,,,,,,,,,,,,,,,,,,
,,,,,,,,,,,,,,,,,,,,,,,,,
,,,,,,,,,,,,,,,,,,,,,,,,,
,,,,,,,,,,,,,,,,,,,,,,,,,
,,,,,,,,,,,,,,,,,,,,,,,,,
,,,,,,,,,,,,,,,,,,,,,,,,,
,,,,,,,,,,,,,,,,,,,,,,,,,
,,,,,,,,,,,,,,,,,,,,,,,,,
,,,,,,,,,,,,,,,,,,,,,,,,,
,,,,,,,,,,,,,,,,,,,,,,,,,
,,,,,,,,,,,,,,,,,,,,,,,,,
,,,,,,,,,,,,,,,,,,,,,,,,,
,,,,,,,,,,,,,,,,,,,,,,,,,
,,,,,,,,,,,,,,,,,,,,,,,,,
,,,,,,,,,,,,,,,,,,,,,,,,,
,,,,,,,,,,,,,,,,,,,,,,,,,
,,,,,,,,,,,,,,,,,,,,,,,,,
,,,,,,,,,,,,,,,,,,,,,,,,,
,,,,,,,,,,,,,,,,,,,,,,,,,
,,,,,,,,,,,,,,,,,,,,,,,,,
,,,,,,,,,,,,,,,,,,,,,,,,,
,,,,,,,,,,,,,,,,,,,,,,,,,
,,,,,,,,,,,,,,,,,,,,,,,,,
,,,,,,,,,,,,,,,,,,,,,,,,,
,,,,,,,,,,,,,,,,,,,,,,,,,
,,,,,,,,,,,,,,,,,,,,,,,,,
,,,,,,,,,,,,,,,,,,,,,,,,,
,,,,,,,,,,,,,,,,,,,,,,,,,
,,,,,,,,,,,,,,,,,,,,,,,,,
,,,,,,,,,,,,,,,,,,,,,,,,,
,,,,,,,,,,,,,,,,,,,,,,,,,
,,,,,,,,,,,,,,,,,,,,,,,,,
,,,,,,,,,,,,,,,,,,,,,,,,,
,,,,,,,,,,,,,,,,,,,,,,,,,
,,,,,,,,,,,,,,,,,,,,,,,,,
,,,,,,,,,,,,,,,,,,,,,,,,,
,,,,,,,,,,,,,,,,,,,,,,,,,
,,,,,,,,,,,,,,,,,,,,,,,,,
,,,,,,,,,,,,,,,,,,,,,,,,,
,,,,,,,,,,,,,,,,,,,,,,,,,
,,,,,,,,,,,,,,,,,,,,,,,,,
,,,,,,,,,,,,,,,,,,,,,,,,,
,,,,,,,,,,,,,,,,,,,,,,,,,
,,,,,,,,,,,,,,,,,,,,,,,,,
,,,,,,,,,,,,,,,,,,,,,,,,,
,,,,,,,,,,,,,,,,,,,,,,,,,
,,,,,,,,,,,,,,,,,,,,,,,,,
,,,,,,,,,,,,,,,,,,,,,,,,,
,,,,,,,,,,,,,,,,,,,,,,,,,
,,,,,,,,,,,,,,,,,,,,,,,,,
,,,,,,,,,,,,,,,,,,,,,,,,,
,,,,,,,,,,,,,,,,,,,,,,,,,
,,,,,,,,,,,,,,,,,,,,,,,,,
,,,,,,,,,,,,,,,,,,,,,,,,,
,,,,,,,,,,,,,,,,,,,,,,,,,
,,,,,,,,,,,,,,,,,,,,,,,,,
,,,,,,,,,,,,,,,,,,,,,,,,,
,,,,,,,,,,,,,,,,,,,,,,,,,
,,,,,,,,,,,,,,,,,,,,,,,,,
,,,,,,,,,,,,,,,,,,,,,,,,,
,,,,,,,,,,,,,,,,,,,,,,,,,
,,,,,,,,,,,,,,,,,,,,,,,,,
,,,,,,,,,,,,,,,,,,,,,,,,,
,,,,,,,,,,,,,,,,,,,,,,,,,
,,,,,,,,,,,,,,,,,,,,,,,,,
,,,,,,,,,,,,,,,,,,,,,,,,,
,,,,,,,,,,,,,,,,,,,,,,,,,
,,,,,,,,,,,,,,,,,,,,,,,,,
,,,,,,,,,,,,,,,,,,,,,,,,,
,,,,,,,,,,,,,,,,,,,,,,,,,
,,,,,,,,,,,,,,,,,,,,,,,,,
,,,,,,,,,,,,,,,,,,,,,,,,,
,,,,,,,,,,,,,,,,,,,,,,,,,
,,,,,,,,,,,,,,,,,,,,,,,,,
,,,,,,,,,,,,,,,,,,,,,,,,,
,,,,,,,,,,,,,,,,,,,,,,,,,
,,,,,,,,,,,,,,,,,,,,,,,,,
,,,,,,,,,,,,,,,,,,,,,,,,,
,,,,,,,,,,,,,,,,,,,,,,,,,
,,,,,,,,,,,,,,,,,,,,,,,,,
,,,,,,,,,,,,,,,,,,,,,,,,,
,,,,,,,,,,,,,,,,,,,,,,,,,
,,,,,,,,,,,,,,,,,,,,,,,,,
,,,,,,,,,,,,,,,,,,,,,,,,,
,,,,,,,,,,,,,,,,,,,,,,,,,
,,,,,,,,,,,,,,,,,,,,,,,,,
,,,,,,,,,,,,,,,,,,,,,,,,,
,,,,,,,,,,,,,,,,,,,,,,,,,
,,,,,,,,,,,,,,,,,,,,,,,,,
,,,,,,,,,,,,,,,,,,,,,,,,,
,,,,,,,,,,,,,,,,,,,,,,,,,
,,,,,,,,,,,,,,,,,,,,,,,,,
,,,,,,,,,,,,,,,,,,,,,,,,,
,,,,,,,,,,,,,,,,,,,,,,,,,
,,,,,,,,,,,,,,,,,,,,,,,,,
,,,,,,,,,,,,,,,,,,,,,,,,,
,,,,,,,,,,,,,,,,,,,,,,,,,
,,,,,,,,,,,,,,,,,,,,,,,,,
,,,,,,,,,,,,,,,,,,,,,,,,,
,,,,,,,,,,,,,,,,,,,,,,,,,
,,,,,,,,,,,,,,,,,,,,,,,,,
,,,,,,,,,,,,,,,,,,,,,,,,,
,,,,,,,,,,,,,,,,,,,,,,,,,
,,,,,,,,,,,,,,,,,,,,,,,,,
,,,,,,,,,,,,,,,,,,,,,,,,,
,,,,,,,,,,,,,,,,,,,,,,,,,
,,,,,,,,,,,,,,,,,,,,,,,,,
,,,,,,,,,,,,,,,,,,,,,,,,,
,,,,,,,,,,,,,,,,,,,,,,,,,
,,,,,,,,,,,,,,,,,,,,,,,,,
,,,,,,,,,,,,,,,,,,,,,,,,,
,,,,,,,,,,,,,,,,,,,,,,,,,
,,,,,,,,,,,,,,,,,,,,,,,,,
,,,,,,,,,,,,,,,,,,,,,,,,,
,,,,,,,,,,,,,,,,,,,,,,,,,
,,,,,,,,,,,,,,,,,,,,,,,,,
,,,,,,,,,,,,,,,,,,,,,,,,,
,,,,,,,,,,,,,,,,,,,,,,,,,
,,,,,,,,,,,,,,,,,,,,,,,,,
,,,,,,,,,,,,,,,,,,,,,,,,,
,,,,,,,,,,,,,,,,,,,,,,,,,
,,,,,,,,,,,,,,,,,,,,,,,,,
,,,,,,,,,,,,,,,,,,,,,,,,,
,,,,,,,,,,,,,,,,,,,,,,,,,
,,,,,,,,,,,,,,,,,,,,,,,,,
,,,,,,,,,,,,,,,,,,,,,,,,,
,,,,,,,,,,,,,,,,,,,,,,,,,
,,,,,,,,,,,,,,,,,,,,,,,,,
,,,,,,,,,,,,,,,,,,,,,,,,,
,,,,,,,,,,,,,,,,,,,,,,,,,
,,,,,,,,,,,,,,,,,,,,,,,,,
,,,,,,,,,,,,,,,,,,,,,,,,,
,,,,,,,,,,,,,,,,,,,,,,,,,
,,,,,,,,,,,,,,,,,,,,,,,,,
,,,,,,,,,,,,,,,,,,,,,,,,,
,,,,,,,,,,,,,,,,,,,,,,,,,
,,,,,,,,,,,,,,,,,,,,,,,,,
,,,,,,,,,,,,,,,,,,,,,,,,,
,,,,,,,,,,,,,,,,,,,,,,,,,
,,,,,,,,,,,,,,,,,,,,,,,,,
,,,,,,,,,,,,,,,,,,,,,,,,,
,,,,,,,,,,,,,,,,,,,,,,,,,
,,,,,,,,,,,,,,,,,,,,,,,,,
,,,,,,,,,,,,,,,,,,,,,,,,,
,,,,,,,,,,,,,,,,,,,,,,,,,
,,,,,,,,,,,,,,,,,,,,,,,,,
,,,,,,,,,,,,,,,,,,,,,,,,,
,,,,,,,,,,,,,,,,,,,,,,,,,
,,,,,,,,,,,,,,,,,,,,,,,,,
,,,,,,,,,,,,,,,,,,,,,,,,,
,,,,,,,,,,,,,,,,,,,,,,,,,
,,,,,,,,,,,,,,,,,,,,,,,,,
,,,,,,,,,,,,,,,,,,,,,,,,,
,,,,,,,,,,,,,,,,,,,,,,,,,
,,,,,,,,,,,,,,,,,,,,,,,,,
,,,,,,,,,,,,,,,,,,,,,,,,,
,,,,,,,,,,,,,,,,,,,,,,,,,
,,,,,,,,,,,,,,,,,,,,,,,,,
,,,,,,,,,,,,,,,,,,,,,,,,,
,,,,,,,,,,,,,,,,,,,,,,,,,
,,,,,,,,,,,,,,,,,,,,,,,,,
,,,,,,,,,,,,,,,,,,,,,,,,,
,,,,,,,,,,,,,,,,,,,,,,,,,
,,,,,,,,,,,,,,,,,,,,,,,,,
,,,,,,,,,,,,,,,,,,,,,,,,,
,,,,,,,,,,,,,,,,,,,,,,,,,
,,,,,,,,,,,,,,,,,,,,,,,,,
,,,,,,,,,,,,,,,,,,,,,,,,,
,,,,,,,,,,,,,,,,,,,,,,,,,
,,,,,,,,,,,,,,,,,,,,,,,,,
,,,,,,,,,,,,,,,,,,,,,,,,,
,,,,,,,,,,,,,,,,,,,,,,,,,
,,,,,,,,,,,,,,,,,,,,,,,,,
,,,,,,,,,,,,,,,,,,,,,,,,,
,,,,,,,,,,,,,,,,,,,,,,,,,
,,,,,,,,,,,,,,,,,,,,,,,,,
,,,,,,,,,,,,,,,,,,,,,,,,,
,,,,,,,,,,,,,,,,,,,,,,,,,
,,,,,,,,,,,,,,,,,,,,,,,,,
,,,,,,,,,,,,,,,,,,,,,,,,,
,,,,,,,,,,,,,,,,,,,,,,,,,
,,,,,,,,,,,,,,,,,,,,,,,,,
,,,,,,,,,,,,,,,,,,,,,,,,,
,,,,,,,,,,,,,,,,,,,,,,,,,
,,,,,,,,,,,,,,,,,,,,,,,,,
,,,,,,,,,,,,,,,,,,,,,,,,,
,,,,,,,,,,,,,,,,,,,,,,,,,
,,,,,,,,,,,,,,,,,,,,,,,,,
,,,,,,,,,,,,,,,,,,,,,,,,,
,,,,,,,,,,,,,,,,,,,,,,,,,
,,,,,,,,,,,,,,,,,,,,,,,,,
,,,,,,,,,,,,,,,,,,,,,,,,,
,,,,,,,,,,,,,,,,,,,,,,,,,
,,,,,,,,,,,,,,,,,,,,,,,,,
,,,,,,,,,,,,,,,,,,,,,,,,,
,,,,,,,,,,,,,,,,,,,,,,,,,
,,,,,,,,,,,,,,,,,,,,,,,,,
,,,,,,,,,,,,,,,,,,,,,,,,,
,,,,,,,,,,,,,,,,,,,,,,,,,
,,,,,,,,,,,,,,,,,,,,,,,,,
,,,,,,,,,,,,,,,,,,,,,,,,,
,,,,,,,,,,,,,,,,,,,,,,,,,
,,,,,,,,,,,,,,,,,,,,,,,,,
,,,,,,,,,,,,,,,,,,,,,,,,,
,,,,,,,,,,,,,,,,,,,,,,,,,
,,,,,,,,,,,,,,,,,,,,,,,,,
,,,,,,,,,,,,,,,,,,,,,,,,,
,,,,,,,,,,,,,,,,,,,,,,,,,
,,,,,,,,,,,,,,,,,,,,,,,,,
,,,,,,,,,,,,,,,,,,,,,,,,,
,,,,,,,,,,,,,,,,,,,,,,,,,
,,,,,,,,,,,,,,,,,,,,,,,,,
,,,,,,,,,,,,,,,,,,,,,,,,,
